2026-05-22 17:52:22 | INFO | automotiv_bot | Iniciando robô Automotiv.
2026-05-22 17:52:22 | INFO | automotiv_bot | Planilha: C:\Users\User\Documents\robo-automotiv\SOLICITAÇÃO DE ORÇAMENTO (1).xlsx
2026-05-22 17:53:10 | INFO | automotiv_bot | Iniciando robô Automotiv.
2026-05-22 17:53:10 | INFO | automotiv_bot | Planilha: C:\Users\User\Documents\robo-automotiv\SOLICITAÇÃO DE ORÇAMENTO (1).xlsx
2026-05-22 18:01:17 | INFO | automotiv_bot | Planilha selecionada: C:\Users\User\Documents\robo-automotiv\SOLICITAÇÃO DE ORÇAMENTO (1).xlsx
2026-05-22 18:01:17 | INFO | automotiv_bot | Itens lidos da planilha: 0
2026-05-22 18:01:17 | INFO | automotiv_bot | Abrindo atalho: C:\Users\User\Desktop\MenuGRV3 - Atalho (3).lnk
2026-05-22 18:01:17 | INFO | automotiv_bot | DRY RUN: não vou abrir o sistema.
2026-05-22 18:01:17 | INFO | automotiv_bot | Efetuando login.
2026-05-22 18:01:17 | INFO | automotiv_bot | Abrindo Cadastro > Materiais > Materiais/Itens.
2026-05-22 18:01:17 | INFO | automotiv_bot | Execução finalizada.
2026-05-22 18:01:34 | INFO | automotiv_bot | Planilha selecionada: C:\Users\User\Documents\robo-automotiv\SOLICITAÇÃO DE ORÇAMENTO (1).xlsx
2026-05-22 18:01:34 | INFO | automotiv_bot | Itens lidos da planilha: 0
2026-05-22 18:01:34 | INFO | automotiv_bot | Abrindo atalho: C:\Users\User\Desktop\MenuGRV3 - Atalho (3).lnk
2026-05-22 18:01:47 | INFO | automotiv_bot | Sistema aberto/conectado.
2026-05-22 18:01:47 | INFO | automotiv_bot | Efetuando login.
2026-05-22 18:02:03 | INFO | automotiv_bot | Abrindo Cadastro > Materiais > Materiais/Itens.
2026-05-23 10:01:27 | INFO | automotiv_bot | Planilha usada: C:\Users\User\Documents\robo-automotiv\SOLICITAÇÃO DE ORÇAMENTO (1).xlsx
2026-05-23 10:01:27 | INFO | automotiv_bot | Itens lidos da planilha: 0
2026-05-23 10:01:27 | INFO | automotiv_bot | Abrindo atalho: C:\Users\User\Desktop\MenuGRV3 - Atalho (3).lnk
2026-05-23 10:01:40 | INFO | automotiv_bot | Sistema aberto/conectado.
2026-05-23 10:01:40 | INFO | automotiv_bot | Efetuando login.
2026-05-23 10:01:42 | INFO | automotiv_bot | Login confirmado via ENTER.
2026-05-23 10:02:13 | INFO | automotiv_bot | Planilha usada: C:\Users\User\Documents\robo-automotiv\SOLICITAÇÃO DE ORÇAMENTO (1).xlsx
2026-05-23 10:02:14 | INFO | automotiv_bot | Itens lidos da planilha: 0
2026-05-23 10:02:14 | INFO | automotiv_bot | Abrindo atalho: C:\Users\User\Desktop\MenuGRV3 - Atalho (3).lnk
2026-05-23 10:02:24 | INFO | automotiv_bot | Sistema aberto/conectado.
2026-05-23 10:02:24 | INFO | automotiv_bot | Efetuando login.
2026-05-23 10:02:27 | INFO | automotiv_bot | Login confirmado via ENTER.
2026-05-23 10:02:40 | INFO | automotiv_bot | Iniciando robô Automotiv.
2026-05-23 10:02:40 | INFO | automotiv_bot | Planilha: data\solicitacao_orcamento_exemplo.xlsx
2026-05-23 10:12:16 | INFO | automotiv_bot | Iniciando robô Automotiv.
2026-05-23 10:12:16 | INFO | automotiv_bot | Planilha: C:\Users\User\Documents\robo-automotiv\SOLICITAÇÃO DE ORÇAMENTO (1).xlsx
2026-05-23 10:18:40 | INFO | automotiv_bot | Iniciando robô Automotiv.
2026-05-23 10:18:40 | INFO | automotiv_bot | Planilha: C:\Users\User\Documents\robo-automotiv\SOLICITAÇÃO DE ORÇAMENTO (1).xlsx
2026-05-23 10:25:10 | INFO | automotiv_bot | Itens lidos da planilha: 6
2026-05-23 10:25:16 | INFO | automotiv_bot | Linha 8 | Código/Referência: 47688952 | Quantidade: 15
2026-05-23 10:25:16 | INFO | automotiv_bot | Linha 9 | Código/Referência: HD9843 | Quantidade: 10
2026-05-23 10:25:16 | INFO | automotiv_bot | Linha 10 | Código/Referência: AE1390EP | Quantidade: 26
2026-05-23 10:25:16 | INFO | automotiv_bot | Linha 11 | Código/Referência: AE1211 | Quantidade: 10
2026-05-23 10:25:16 | INFO | automotiv_bot | Linha 12 | Código/Referência: P753463 | Quantidade: 5
2026-05-23 10:25:16 | INFO | automotiv_bot | Linha 13 | Código/Referência: P637453 | Quantidade: 35
2026-05-23 11:30:51 | INFO | automotiv_bot | Abrindo atalho: C:\Users\User\Desktop\MenuGRV3 - Atalho (3).lnk
2026-05-23 11:31:23 | INFO | automotiv_bot | Sistema aberto/conectado.
2026-05-23 11:31:49 | INFO | automotiv_bot | Efetuando login.
2026-05-23 11:32:13 | INFO | automotiv_bot | Iniciando robô Automotiv.
2026-05-23 11:32:13 | INFO | automotiv_bot | Planilha: C:\Users\User\Documents\robo-automotiv\SOLICITAÇÃO DE ORÇAMENTO (1).xlsx
2026-05-23 11:32:13 | INFO | automotiv_bot | Itens lidos da planilha: 6
2026-05-23 11:32:13 | INFO | automotiv_bot | Linha 8 | Código/Referência: 47688952 | Quantidade: 15
2026-05-23 11:32:13 | INFO | automotiv_bot | Linha 9 | Código/Referência: HD9843 | Quantidade: 10
2026-05-23 11:32:13 | INFO | automotiv_bot | Linha 10 | Código/Referência: AE1390EP | Quantidade: 26
2026-05-23 11:32:13 | INFO | automotiv_bot | Linha 11 | Código/Referência: AE1211 | Quantidade: 10
2026-05-23 11:32:13 | INFO | automotiv_bot | Linha 12 | Código/Referência: P753463 | Quantidade: 5
2026-05-23 11:32:13 | INFO | automotiv_bot | Linha 13 | Código/Referência: P637453 | Quantidade: 35
2026-05-23 11:32:13 | INFO | automotiv_bot | Abrindo atalho: C:\Users\User\Desktop\MenuGRV3 - Atalho (3).lnk
2026-05-23 11:32:24 | INFO | automotiv_bot | Sistema aberto/conectado.
2026-05-23 11:32:24 | INFO | automotiv_bot | Efetuando login.
2026-05-23 11:32:27 | INFO | automotiv_bot | Login confirmado via ENTER.
2026-05-23 11:36:44 | INFO | automotiv_bot | Iniciando robô Automotiv.
2026-05-23 11:36:44 | INFO | automotiv_bot | Planilha: C:\Users\User\Documents\robo-automotiv\SOLICITAÇÃO DE ORÇAMENTO (1).xlsx
2026-05-23 11:36:45 | INFO | automotiv_bot | Itens lidos da planilha: 6
2026-05-23 11:36:45 | INFO | automotiv_bot | Linha 8 | Código/Referência: 47688952 | Quantidade: 15
2026-05-23 11:36:45 | INFO | automotiv_bot | Linha 9 | Código/Referência: HD9843 | Quantidade: 10
2026-05-23 11:36:45 | INFO | automotiv_bot | Linha 10 | Código/Referência: AE1390EP | Quantidade: 26
2026-05-23 11:36:45 | INFO | automotiv_bot | Linha 11 | Código/Referência: AE1211 | Quantidade: 10
2026-05-23 11:36:45 | INFO | automotiv_bot | Linha 12 | Código/Referência: P753463 | Quantidade: 5
2026-05-23 11:36:45 | INFO | automotiv_bot | Linha 13 | Código/Referência: P637453 | Quantidade: 35
2026-05-23 11:36:45 | INFO | automotiv_bot | Abrindo atalho: C:\Users\User\Desktop\MenuGRV3 - Atalho (3).lnk
2026-05-23 11:36:56 | INFO | automotiv_bot | Sistema aberto/conectado.
2026-05-23 11:36:56 | INFO | automotiv_bot | Efetuando login.
2026-05-23 11:36:58 | INFO | automotiv_bot | Login confirmado via ENTER.
2026-05-23 11:38:12 | INFO | automotiv_bot | Iniciando robô Automotiv.
2026-05-23 11:38:12 | INFO | automotiv_bot | Planilha: C:\Users\User\Documents\robo-automotiv\SOLICITAÇÃO DE ORÇAMENTO (1).xlsx
2026-05-23 11:38:12 | INFO | automotiv_bot | Itens lidos da planilha: 6
2026-05-23 11:38:12 | INFO | automotiv_bot | Linha 8 | Código/Referência: 47688952 | Quantidade: 15
2026-05-23 11:38:12 | INFO | automotiv_bot | Linha 9 | Código/Referência: HD9843 | Quantidade: 10
2026-05-23 11:38:12 | INFO | automotiv_bot | Linha 10 | Código/Referência: AE1390EP | Quantidade: 26
2026-05-23 11:38:12 | INFO | automotiv_bot | Linha 11 | Código/Referência: AE1211 | Quantidade: 10
2026-05-23 11:38:12 | INFO | automotiv_bot | Linha 12 | Código/Referência: P753463 | Quantidade: 5
2026-05-23 11:38:12 | INFO | automotiv_bot | Linha 13 | Código/Referência: P637453 | Quantidade: 35
2026-05-23 11:38:12 | INFO | automotiv_bot | Abrindo atalho: C:\Users\User\Desktop\MenuGRV3 - Atalho (3).lnk
2026-05-23 11:38:23 | INFO | automotiv_bot | Sistema aberto/conectado.
2026-05-23 11:38:23 | INFO | automotiv_bot | Efetuando login.
2026-05-23 11:38:25 | INFO | automotiv_bot | Login confirmado via ENTER.
2026-05-23 11:38:58 | INFO | automotiv_bot | Iniciando robô Automotiv.
2026-05-23 11:38:58 | INFO | automotiv_bot | Planilha: C:\Users\User\Documents\robo-automotiv\SOLICITAÇÃO DE ORÇAMENTO (1).xlsx
2026-05-23 11:38:59 | INFO | automotiv_bot | Itens lidos da planilha: 6
2026-05-23 11:38:59 | INFO | automotiv_bot | Linha 8 | Código/Referência: 47688952 | Quantidade: 15
2026-05-23 11:38:59 | INFO | automotiv_bot | Linha 9 | Código/Referência: HD9843 | Quantidade: 10
2026-05-23 11:38:59 | INFO | automotiv_bot | Linha 10 | Código/Referência: AE1390EP | Quantidade: 26
2026-05-23 11:38:59 | INFO | automotiv_bot | Linha 11 | Código/Referência: AE1211 | Quantidade: 10
2026-05-23 11:38:59 | INFO | automotiv_bot | Linha 12 | Código/Referência: P753463 | Quantidade: 5
2026-05-23 11:38:59 | INFO | automotiv_bot | Linha 13 | Código/Referência: P637453 | Quantidade: 35
2026-05-23 11:38:59 | INFO | automotiv_bot | Abrindo atalho: C:\Users\User\Desktop\MenuGRV3 - Atalho (3).lnk
2026-05-23 11:39:09 | INFO | automotiv_bot | Sistema aberto/conectado.
2026-05-23 11:39:09 | INFO | automotiv_bot | Efetuando login.
2026-05-23 11:39:12 | INFO | automotiv_bot | Login confirmado via ENTER.
2026-05-23 11:39:45 | INFO | automotiv_bot | Iniciando robô Automotiv.
2026-05-23 11:39:45 | INFO | automotiv_bot | Planilha: C:\Users\User\Documents\robo-automotiv\SOLICITAÇÃO DE ORÇAMENTO (1).xlsx
2026-05-23 11:39:45 | INFO | automotiv_bot | Itens lidos da planilha: 6
2026-05-23 11:39:45 | INFO | automotiv_bot | Linha 8 | Código/Referência: 47688952 | Quantidade: 15
2026-05-23 11:39:45 | INFO | automotiv_bot | Linha 9 | Código/Referência: HD9843 | Quantidade: 10
2026-05-23 11:39:45 | INFO | automotiv_bot | Linha 10 | Código/Referência: AE1390EP | Quantidade: 26
2026-05-23 11:39:45 | INFO | automotiv_bot | Linha 11 | Código/Referência: AE1211 | Quantidade: 10
2026-05-23 11:39:45 | INFO | automotiv_bot | Linha 12 | Código/Referência: P753463 | Quantidade: 5
2026-05-23 11:39:45 | INFO | automotiv_bot | Linha 13 | Código/Referência: P637453 | Quantidade: 35
2026-05-23 11:39:45 | INFO | automotiv_bot | Abrindo atalho: C:\Users\User\Desktop\MenuGRV3 - Atalho (3).lnk
2026-05-23 11:39:55 | INFO | automotiv_bot | Sistema aberto/conectado.
2026-05-23 11:39:55 | INFO | automotiv_bot | Efetuando login.
2026-05-23 11:39:58 | INFO | automotiv_bot | Login confirmado via ENTER.
2026-05-23 11:40:10 | INFO | automotiv_bot | Iniciando robô Automotiv.
2026-05-23 11:40:10 | INFO | automotiv_bot | Planilha: C:\Users\User\Documents\robo-automotiv\SOLICITAÇÃO DE ORÇAMENTO (1).xlsx
2026-05-23 11:40:11 | INFO | automotiv_bot | Itens lidos da planilha: 6
2026-05-23 11:40:11 | INFO | automotiv_bot | Linha 8 | Código/Referência: 47688952 | Quantidade: 15
2026-05-23 11:40:11 | INFO | automotiv_bot | Linha 9 | Código/Referência: HD9843 | Quantidade: 10
2026-05-23 11:40:11 | INFO | automotiv_bot | Linha 10 | Código/Referência: AE1390EP | Quantidade: 26
2026-05-23 11:40:11 | INFO | automotiv_bot | Linha 11 | Código/Referência: AE1211 | Quantidade: 10
2026-05-23 11:40:11 | INFO | automotiv_bot | Linha 12 | Código/Referência: P753463 | Quantidade: 5
2026-05-23 11:40:11 | INFO | automotiv_bot | Linha 13 | Código/Referência: P637453 | Quantidade: 35
2026-05-23 11:40:11 | INFO | automotiv_bot | Abrindo atalho: C:\Users\User\Desktop\MenuGRV3 - Atalho (3).lnk
2026-05-23 11:40:21 | INFO | automotiv_bot | Sistema aberto/conectado.
2026-05-23 11:40:21 | INFO | automotiv_bot | Efetuando login.
2026-05-23 11:40:23 | INFO | automotiv_bot | Login confirmado via ENTER.
2026-05-23 11:42:03 | INFO | automotiv_bot | Abrindo Cadastro > Materiais > Materiais/Itens.
2026-05-23 11:42:12 | WARNING | automotiv_bot | Não consegui clicar no menu 'Cadastro' por controle: timed out
2026-05-23 11:42:25 | INFO | automotiv_bot | Iniciando robô Automotiv.
2026-05-23 11:42:25 | INFO | automotiv_bot | Planilha: C:\Users\User\Documents\robo-automotiv\SOLICITAÇÃO DE ORÇAMENTO (1).xlsx
2026-05-23 11:42:25 | INFO | automotiv_bot | Itens lidos da planilha: 6
2026-05-23 11:42:25 | INFO | automotiv_bot | Linha 8 | Código/Referência: 47688952 | Quantidade: 15
2026-05-23 11:42:25 | INFO | automotiv_bot | Linha 9 | Código/Referência: HD9843 | Quantidade: 10
2026-05-23 11:42:25 | INFO | automotiv_bot | Linha 10 | Código/Referência: AE1390EP | Quantidade: 26
2026-05-23 11:42:25 | INFO | automotiv_bot | Linha 11 | Código/Referência: AE1211 | Quantidade: 10
2026-05-23 11:42:25 | INFO | automotiv_bot | Linha 12 | Código/Referência: P753463 | Quantidade: 5
2026-05-23 11:42:25 | INFO | automotiv_bot | Linha 13 | Código/Referência: P637453 | Quantidade: 35
2026-05-23 11:42:25 | INFO | automotiv_bot | Abrindo atalho: C:\Users\User\Desktop\MenuGRV3 - Atalho (3).lnk
2026-05-23 11:42:36 | INFO | automotiv_bot | Sistema aberto/conectado.
2026-05-23 11:42:36 | INFO | automotiv_bot | Efetuando login.
2026-05-23 11:43:38 | INFO | automotiv_bot | Login confirmado via ENTER.
2026-05-23 11:44:20 | INFO | automotiv_bot | Iniciando robô Automotiv.
2026-05-23 11:44:20 | INFO | automotiv_bot | Planilha: C:\Users\User\Documents\robo-automotiv\SOLICITAÇÃO DE ORÇAMENTO (1).xlsx
2026-05-23 11:44:21 | INFO | automotiv_bot | Itens lidos da planilha: 6
2026-05-23 11:44:21 | INFO | automotiv_bot | Linha 8 | Código/Referência: 47688952 | Quantidade: 15
2026-05-23 11:44:21 | INFO | automotiv_bot | Linha 9 | Código/Referência: HD9843 | Quantidade: 10
2026-05-23 11:44:21 | INFO | automotiv_bot | Linha 10 | Código/Referência: AE1390EP | Quantidade: 26
2026-05-23 11:44:21 | INFO | automotiv_bot | Linha 11 | Código/Referência: AE1211 | Quantidade: 10
2026-05-23 11:44:21 | INFO | automotiv_bot | Linha 12 | Código/Referência: P753463 | Quantidade: 5
2026-05-23 11:44:21 | INFO | automotiv_bot | Linha 13 | Código/Referência: P637453 | Quantidade: 35
2026-05-23 11:44:21 | INFO | automotiv_bot | Abrindo atalho: C:\Users\User\Desktop\MenuGRV3 - Atalho (3).lnk
2026-05-23 11:44:31 | INFO | automotiv_bot | Sistema aberto/conectado.
2026-05-23 11:44:31 | INFO | automotiv_bot | Efetuando login.
2026-05-23 11:44:34 | INFO | automotiv_bot | Login confirmado via ENTER.
2026-05-23 12:25:01 | INFO | automotiv_bot | Iniciando robô Automotiv.
2026-05-23 12:25:01 | INFO | automotiv_bot | Planilha: C:\Users\User\Documents\robo-automotiv\SOLICITAÇÃO DE ORÇAMENTO (1).xlsx
2026-05-23 12:25:02 | INFO | automotiv_bot | Itens lidos da planilha: 6
2026-05-23 12:25:02 | INFO | automotiv_bot | Linha 8 | Código/Referência: 47688952 | Quantidade: 15
2026-05-23 12:25:02 | INFO | automotiv_bot | Linha 9 | Código/Referência: HD9843 | Quantidade: 10
2026-05-23 12:25:02 | INFO | automotiv_bot | Linha 10 | Código/Referência: AE1390EP | Quantidade: 26
2026-05-23 12:25:02 | INFO | automotiv_bot | Linha 11 | Código/Referência: AE1211 | Quantidade: 10
2026-05-23 12:25:02 | INFO | automotiv_bot | Linha 12 | Código/Referência: P753463 | Quantidade: 5
2026-05-23 12:25:02 | INFO | automotiv_bot | Linha 13 | Código/Referência: P637453 | Quantidade: 35
2026-05-23 12:25:30 | INFO | automotiv_bot | Iniciando robô Automotiv.
2026-05-23 12:25:30 | INFO | automotiv_bot | Planilha: C:\Users\User\Documents\robo-automotiv\SOLICITAÇÃO DE ORÇAMENTO (1).xlsx
2026-05-23 12:25:30 | INFO | automotiv_bot | Itens lidos da planilha: 6
2026-05-23 12:25:30 | INFO | automotiv_bot | Linha 8 | Código/Referência: 47688952 | Quantidade: 15
2026-05-23 12:25:30 | INFO | automotiv_bot | Linha 9 | Código/Referência: HD9843 | Quantidade: 10
2026-05-23 12:25:30 | INFO | automotiv_bot | Linha 10 | Código/Referência: AE1390EP | Quantidade: 26
2026-05-23 12:25:30 | INFO | automotiv_bot | Linha 11 | Código/Referência: AE1211 | Quantidade: 10
2026-05-23 12:25:30 | INFO | automotiv_bot | Linha 12 | Código/Referência: P753463 | Quantidade: 5
2026-05-23 12:25:30 | INFO | automotiv_bot | Linha 13 | Código/Referência: P637453 | Quantidade: 35
2026-05-23 12:27:49 | INFO | automotiv_bot | Iniciando robô Automotiv.
2026-05-23 12:27:49 | INFO | automotiv_bot | Planilha: C:\Users\User\Documents\robo-automotiv\SOLICITAÇÃO DE ORÇAMENTO (1).xlsx
2026-05-23 12:27:49 | INFO | automotiv_bot | Itens lidos da planilha: 6
2026-05-23 12:27:49 | INFO | automotiv_bot | Linha 8 | Código/Referência: 47688952 | Quantidade: 15
2026-05-23 12:27:49 | INFO | automotiv_bot | Linha 9 | Código/Referência: HD9843 | Quantidade: 10
2026-05-23 12:27:49 | INFO | automotiv_bot | Linha 10 | Código/Referência: AE1390EP | Quantidade: 26
2026-05-23 12:27:49 | INFO | automotiv_bot | Linha 11 | Código/Referência: AE1211 | Quantidade: 10
2026-05-23 12:27:49 | INFO | automotiv_bot | Linha 12 | Código/Referência: P753463 | Quantidade: 5
2026-05-23 12:27:49 | INFO | automotiv_bot | Linha 13 | Código/Referência: P637453 | Quantidade: 35
2026-05-23 12:31:59 | INFO | automotiv_bot | Iniciando robô Automotiv.
2026-05-23 12:31:59 | INFO | automotiv_bot | Planilha: C:\Users\User\Documents\robo-automotiv\SOLICITAÇÃO DE ORÇAMENTO (1).xlsx
2026-05-23 12:32:00 | INFO | automotiv_bot | Itens lidos da planilha: 6
2026-05-23 12:32:00 | INFO | automotiv_bot | Linha 8 | Código/Referência: 47688952 | Quantidade: 15
2026-05-23 12:32:00 | INFO | automotiv_bot | Linha 9 | Código/Referência: HD9843 | Quantidade: 10
2026-05-23 12:32:00 | INFO | automotiv_bot | Linha 10 | Código/Referência: AE1390EP | Quantidade: 26
2026-05-23 12:32:00 | INFO | automotiv_bot | Linha 11 | Código/Referência: AE1211 | Quantidade: 10
2026-05-23 12:32:00 | INFO | automotiv_bot | Linha 12 | Código/Referência: P753463 | Quantidade: 5
2026-05-23 12:32:00 | INFO | automotiv_bot | Linha 13 | Código/Referência: P637453 | Quantidade: 35
2026-05-23 12:32:00 | INFO | automotiv_bot | Abrindo atalho: C:\Users\User\Desktop\MenuGRV3 - Atalho (3).lnk
2026-05-23 12:32:10 | INFO | automotiv_bot | Sistema aberto/conectado.
2026-05-23 12:32:10 | INFO | automotiv_bot | Efetuando login.
2026-05-23 12:32:10 | INFO | automotiv_bot | Localizando campo de senha por imagem.
2026-05-23 12:36:14 | INFO | automotiv_bot | Iniciando robô Automotiv.
2026-05-23 12:36:14 | INFO | automotiv_bot | Planilha: C:\Users\User\Documents\robo-automotiv\SOLICITAÇÃO DE ORÇAMENTO (1).xlsx
2026-05-23 12:36:15 | INFO | automotiv_bot | Itens lidos da planilha: 6
2026-05-23 12:36:15 | INFO | automotiv_bot | Linha 8 | Código/Referência: 47688952 | Quantidade: 15
2026-05-23 12:36:15 | INFO | automotiv_bot | Linha 9 | Código/Referência: HD9843 | Quantidade: 10
2026-05-23 12:36:15 | INFO | automotiv_bot | Linha 10 | Código/Referência: AE1390EP | Quantidade: 26
2026-05-23 12:36:15 | INFO | automotiv_bot | Linha 11 | Código/Referência: AE1211 | Quantidade: 10
2026-05-23 12:36:15 | INFO | automotiv_bot | Linha 12 | Código/Referência: P753463 | Quantidade: 5
2026-05-23 12:36:15 | INFO | automotiv_bot | Linha 13 | Código/Referência: P637453 | Quantidade: 35
2026-05-23 12:36:15 | INFO | automotiv_bot | Abrindo atalho: C:\Users\User\Desktop\MenuGRV3 - Atalho (3).lnk
2026-05-23 12:36:26 | INFO | automotiv_bot | Sistema aberto/conectado.
2026-05-23 12:36:26 | INFO | automotiv_bot | Efetuando login.
2026-05-23 12:36:26 | INFO | automotiv_bot | Localizando campo de nome por imagem.
2026-05-23 12:36:42 | INFO | automotiv_bot | Senha preenchida com sucesso.
2026-05-23 12:36:42 | INFO | automotiv_bot | Clicando no botão LOGIN por imagem.
2026-05-23 12:36:58 | INFO | automotiv_bot | Iniciando robô Automotiv.
2026-05-23 12:36:58 | INFO | automotiv_bot | Planilha: C:\Users\User\Documents\robo-automotiv\SOLICITAÇÃO DE ORÇAMENTO (1).xlsx
2026-05-23 12:36:58 | INFO | automotiv_bot | Itens lidos da planilha: 6
2026-05-23 12:36:58 | INFO | automotiv_bot | Linha 8 | Código/Referência: 47688952 | Quantidade: 15
2026-05-23 12:36:58 | INFO | automotiv_bot | Linha 9 | Código/Referência: HD9843 | Quantidade: 10
2026-05-23 12:36:58 | INFO | automotiv_bot | Linha 10 | Código/Referência: AE1390EP | Quantidade: 26
2026-05-23 12:36:58 | INFO | automotiv_bot | Linha 11 | Código/Referência: AE1211 | Quantidade: 10
2026-05-23 12:36:58 | INFO | automotiv_bot | Linha 12 | Código/Referência: P753463 | Quantidade: 5
2026-05-23 12:36:58 | INFO | automotiv_bot | Linha 13 | Código/Referência: P637453 | Quantidade: 35
2026-05-23 12:36:58 | INFO | automotiv_bot | Abrindo atalho: C:\Users\User\Desktop\MenuGRV3 - Atalho (3).lnk
2026-05-23 12:37:08 | INFO | automotiv_bot | Sistema aberto/conectado.
2026-05-23 12:37:08 | INFO | automotiv_bot | Efetuando login.
2026-05-23 12:37:08 | INFO | automotiv_bot | Localizando campo de nome por imagem.
2026-05-23 12:37:12 | INFO | automotiv_bot | Senha preenchida com sucesso.
2026-05-23 12:37:12 | INFO | automotiv_bot | Clicando no botão LOGIN por imagem.
2026-05-23 12:38:33 | INFO | automotiv_bot | Iniciando robô Automotiv.
2026-05-23 12:38:33 | INFO | automotiv_bot | Planilha: C:\Users\User\Documents\robo-automotiv\SOLICITAÇÃO DE ORÇAMENTO (1).xlsx
2026-05-23 12:38:33 | INFO | automotiv_bot | Itens lidos da planilha: 6
2026-05-23 12:38:33 | INFO | automotiv_bot | Linha 8 | Código/Referência: 47688952 | Quantidade: 15
2026-05-23 12:38:33 | INFO | automotiv_bot | Linha 9 | Código/Referência: HD9843 | Quantidade: 10
2026-05-23 12:38:33 | INFO | automotiv_bot | Linha 10 | Código/Referência: AE1390EP | Quantidade: 26
2026-05-23 12:38:33 | INFO | automotiv_bot | Linha 11 | Código/Referência: AE1211 | Quantidade: 10
2026-05-23 12:38:33 | INFO | automotiv_bot | Linha 12 | Código/Referência: P753463 | Quantidade: 5
2026-05-23 12:38:33 | INFO | automotiv_bot | Linha 13 | Código/Referência: P637453 | Quantidade: 35
2026-05-23 12:38:33 | INFO | automotiv_bot | Abrindo atalho: C:\Users\User\Desktop\MenuGRV3 - Atalho (3).lnk
2026-05-23 12:38:44 | INFO | automotiv_bot | Sistema aberto/conectado.
2026-05-23 12:38:44 | INFO | automotiv_bot | Efetuando login.
2026-05-23 12:38:44 | INFO | automotiv_bot | Localizando campo de nome por imagem.
2026-05-23 12:38:47 | INFO | automotiv_bot | Senha preenchida com sucesso.
2026-05-23 12:38:47 | INFO | automotiv_bot | Clicando no botão LOGIN por imagem.
2026-05-23 12:38:52 | INFO | automotiv_bot | Clique no botão LOGIN realizado com sucesso por imagem.
2026-05-23 12:44:51 | INFO | automotiv_bot | Abrindo Cadastro > Materiais > Materiais/Itens.
2026-05-23 12:44:54 | INFO | automotiv_bot | Clicando menu 'Cadastro' por imagem 'menu_cadastro.png'.
2026-05-23 12:55:20 | INFO | automotiv_bot | Iniciando robô Automotiv.
2026-05-23 12:55:20 | INFO | automotiv_bot | Planilha: C:\Users\User\Documents\robo-automotiv\SOLICITAÇÃO DE ORÇAMENTO (1).xlsx
2026-05-23 12:55:21 | INFO | automotiv_bot | Itens lidos da planilha: 6
2026-05-23 12:55:21 | INFO | automotiv_bot | Linha 8 | Código/Referência: 47688952 | Quantidade: 15
2026-05-23 12:55:21 | INFO | automotiv_bot | Linha 9 | Código/Referência: HD9843 | Quantidade: 10
2026-05-23 12:55:21 | INFO | automotiv_bot | Linha 10 | Código/Referência: AE1390EP | Quantidade: 26
2026-05-23 12:55:21 | INFO | automotiv_bot | Linha 11 | Código/Referência: AE1211 | Quantidade: 10
2026-05-23 12:55:21 | INFO | automotiv_bot | Linha 12 | Código/Referência: P753463 | Quantidade: 5
2026-05-23 12:55:21 | INFO | automotiv_bot | Linha 13 | Código/Referência: P637453 | Quantidade: 35
2026-05-23 12:55:21 | INFO | automotiv_bot | Abrindo atalho: C:\Users\User\Desktop\MenuGRV3 - Atalho (3).lnk
2026-05-23 12:55:31 | INFO | automotiv_bot | Sistema aberto/conectado.
2026-05-23 12:55:31 | INFO | automotiv_bot | Efetuando login.
2026-05-23 12:55:31 | INFO | automotiv_bot | Localizando campo de nome por imagem.
2026-05-23 12:55:34 | INFO | automotiv_bot | Senha preenchida com sucesso.
2026-05-23 12:55:34 | INFO | automotiv_bot | Clicando no botão LOGIN por imagem.
2026-05-23 12:55:35 | INFO | automotiv_bot | Clique no botão LOGIN realizado com sucesso por imagem.
2026-05-23 12:56:05 | INFO | automotiv_bot | Abrindo Cadastro > Materiais > Materiais/Itens.
2026-05-23 12:56:05 | INFO | automotiv_bot | Clicando menu 'Cadastro' por imagem 'menu_cadastro.png'.
2026-05-23 12:56:07 | INFO | automotiv_bot | Clicando menu 'Materiais' por imagem 'menu_materiais.png'.
2026-05-23 12:56:08 | INFO | automotiv_bot | Clicando menu 'Materiais/Itens' por imagem 'menu_materiais_itens.png'.
2026-05-23 12:56:52 | INFO | automotiv_bot | Processando material da linha 8 | código/referência=47688952 | quantidade=15
2026-05-25 09:23:53 | INFO | automotiv_bot | Iniciando robô Automotiv.
2026-05-25 09:23:53 | INFO | automotiv_bot | Planilha: C:\Users\User\Documents\robo-automotiv\SOLICITAÇÃO DE ORÇAMENTO (1).xlsx
2026-05-25 09:23:53 | INFO | automotiv_bot | Itens lidos da planilha: 6
2026-05-25 09:23:53 | INFO | automotiv_bot | Linha 8 | Código/Referência: 47688952 | Quantidade: 15
2026-05-25 09:23:53 | INFO | automotiv_bot | Linha 9 | Código/Referência: HD9843 | Quantidade: 10
2026-05-25 09:23:53 | INFO | automotiv_bot | Linha 10 | Código/Referência: AE1390EP | Quantidade: 26
2026-05-25 09:23:53 | INFO | automotiv_bot | Linha 11 | Código/Referência: AE1211 | Quantidade: 10
2026-05-25 09:23:53 | INFO | automotiv_bot | Linha 12 | Código/Referência: P753463 | Quantidade: 5
2026-05-25 09:23:53 | INFO | automotiv_bot | Linha 13 | Código/Referência: P637453 | Quantidade: 35
2026-05-25 09:23:53 | INFO | automotiv_bot | Abrindo atalho: C:\Users\User\Desktop\MenuGRV3 - Atalho (3).lnk
2026-05-25 09:24:04 | INFO | automotiv_bot | Sistema aberto/conectado.
2026-05-25 09:24:04 | INFO | automotiv_bot | Efetuando login.
2026-05-25 09:24:04 | INFO | automotiv_bot | Localizando campo de nome por imagem.
2026-05-25 09:24:06 | INFO | automotiv_bot | Senha preenchida com sucesso.
2026-05-25 09:24:06 | INFO | automotiv_bot | Clicando no botão LOGIN por imagem.
2026-05-25 09:24:07 | INFO | automotiv_bot | Clique no botão LOGIN realizado com sucesso por imagem.
2026-05-25 09:24:37 | INFO | automotiv_bot | Abrindo Cadastro > Materiais > Materiais/Itens.
2026-05-25 09:24:37 | INFO | automotiv_bot | Clicando menu 'Cadastro' por imagem 'menu_cadastro.png'.
2026-05-25 09:24:39 | INFO | automotiv_bot | Clicando menu 'Materiais' por imagem 'menu_materiais.png'.
2026-05-25 09:24:40 | INFO | automotiv_bot | Clicando menu 'Materiais/Itens' por imagem 'menu_materiais_itens.png'.
2026-05-25 09:24:47 | INFO | automotiv_bot | Verificando se apareceu modal de mensagem.
2026-05-25 10:13:12 | INFO | automotiv_bot | Iniciando robô Automotiv.
2026-05-25 10:13:12 | INFO | automotiv_bot | Planilha: C:\Users\User\Documents\robo-automotiv\SOLICITAÇÃO DE ORÇAMENTO (1).xlsx
2026-05-25 10:13:12 | INFO | automotiv_bot | Itens lidos da planilha: 6
2026-05-25 10:13:12 | INFO | automotiv_bot | Linha 8 | Código/Referência: 47688952 | Quantidade: 15
2026-05-25 10:13:12 | INFO | automotiv_bot | Linha 9 | Código/Referência: HD9843 | Quantidade: 10
2026-05-25 10:13:12 | INFO | automotiv_bot | Linha 10 | Código/Referência: AE1390EP | Quantidade: 26
2026-05-25 10:13:12 | INFO | automotiv_bot | Linha 11 | Código/Referência: AE1211 | Quantidade: 10
2026-05-25 10:13:12 | INFO | automotiv_bot | Linha 12 | Código/Referência: P753463 | Quantidade: 5
2026-05-25 10:13:12 | INFO | automotiv_bot | Linha 13 | Código/Referência: P637453 | Quantidade: 35
2026-05-25 10:13:12 | INFO | automotiv_bot | Abrindo atalho: C:\Users\User\Desktop\MenuGRV3 - Atalho (3).lnk
2026-05-25 10:13:23 | INFO | automotiv_bot | Sistema aberto/conectado.
2026-05-25 10:13:23 | INFO | automotiv_bot | Efetuando login.
2026-05-25 10:13:23 | INFO | automotiv_bot | Localizando campo de nome por imagem.
2026-05-25 10:13:26 | INFO | automotiv_bot | Senha preenchida com sucesso.
2026-05-25 10:13:26 | INFO | automotiv_bot | Clicando no botão LOGIN por imagem.
2026-05-25 10:13:26 | INFO | automotiv_bot | Clique no botão LOGIN realizado com sucesso por imagem.
2026-05-25 10:13:56 | INFO | automotiv_bot | Abrindo Cadastro > Materiais > Materiais/Itens.
2026-05-25 10:13:56 | INFO | automotiv_bot | Clicando menu 'Cadastro' por imagem 'menu_cadastro.png'.
2026-05-25 10:13:58 | INFO | automotiv_bot | Clicando menu 'Materiais' por imagem 'menu_materiais.png'.
2026-05-25 10:13:59 | INFO | automotiv_bot | Clicando menu 'Materiais/Itens' por imagem 'menu_materiais_itens.png'.
2026-05-25 10:14:06 | INFO | automotiv_bot | Verificando se apareceu modal de mensagem.
2026-05-25 10:15:23 | INFO | automotiv_bot | Iniciando robô Automotiv.
2026-05-25 10:15:23 | INFO | automotiv_bot | Planilha: C:\Users\User\Documents\robo-automotiv\SOLICITAÇÃO DE ORÇAMENTO (1).xlsx
2026-05-25 10:15:24 | INFO | automotiv_bot | Itens lidos da planilha: 6
2026-05-25 10:15:24 | INFO | automotiv_bot | Linha 8 | Código/Referência: 47688952 | Quantidade: 15
2026-05-25 10:15:24 | INFO | automotiv_bot | Linha 9 | Código/Referência: HD9843 | Quantidade: 10
2026-05-25 10:15:24 | INFO | automotiv_bot | Linha 10 | Código/Referência: AE1390EP | Quantidade: 26
2026-05-25 10:15:24 | INFO | automotiv_bot | Linha 11 | Código/Referência: AE1211 | Quantidade: 10
2026-05-25 10:15:24 | INFO | automotiv_bot | Linha 12 | Código/Referência: P753463 | Quantidade: 5
2026-05-25 10:15:24 | INFO | automotiv_bot | Linha 13 | Código/Referência: P637453 | Quantidade: 35
2026-05-25 10:15:24 | INFO | automotiv_bot | Abrindo atalho: C:\Users\User\Desktop\MenuGRV3 - Atalho (3).lnk
2026-05-25 10:15:35 | INFO | automotiv_bot | Sistema aberto/conectado.
2026-05-25 10:15:35 | INFO | automotiv_bot | Efetuando login.
2026-05-25 10:15:35 | INFO | automotiv_bot | Localizando campo de nome por imagem.
2026-05-25 10:15:38 | INFO | automotiv_bot | Senha preenchida com sucesso.
2026-05-25 10:15:38 | INFO | automotiv_bot | Clicando no botão LOGIN por imagem.
2026-05-25 10:15:39 | INFO | automotiv_bot | Clique no botão LOGIN realizado com sucesso por imagem.
2026-05-25 10:16:09 | INFO | automotiv_bot | Abrindo Cadastro > Materiais > Materiais/Itens.
2026-05-25 10:16:09 | INFO | automotiv_bot | Clicando menu 'Cadastro' por imagem 'menu_cadastro.png'.
2026-05-25 10:16:10 | INFO | automotiv_bot | Clicando menu 'Materiais' por imagem 'menu_materiais.png'.
2026-05-25 10:16:12 | INFO | automotiv_bot | Clicando menu 'Materiais/Itens' por imagem 'menu_materiais_itens.png'.
2026-05-25 10:16:18 | INFO | automotiv_bot | Verificando se apareceu modal de mensagem.
2026-05-25 18:35:47 | INFO | automotiv_bot | Iniciando robô Automotiv.
2026-05-25 18:35:47 | INFO | automotiv_bot | Planilha: C:\Users\User\Documents\robo-automotiv\SOLICITAÇÃO DE ORÇAMENTO (1).xlsx
2026-05-25 18:35:48 | INFO | automotiv_bot | Itens lidos da planilha: 6
2026-05-25 18:35:48 | INFO | automotiv_bot | Linha 8 | Código/Referência: 47688952 | Quantidade: 15
2026-05-25 18:35:48 | INFO | automotiv_bot | Linha 9 | Código/Referência: HD9843 | Quantidade: 10
2026-05-25 18:35:48 | INFO | automotiv_bot | Linha 10 | Código/Referência: AE1390EP | Quantidade: 26
2026-05-25 18:35:48 | INFO | automotiv_bot | Linha 11 | Código/Referência: AE1211 | Quantidade: 10
2026-05-25 18:35:48 | INFO | automotiv_bot | Linha 12 | Código/Referência: P753463 | Quantidade: 5
2026-05-25 18:35:48 | INFO | automotiv_bot | Linha 13 | Código/Referência: P637453 | Quantidade: 35
2026-05-25 18:35:48 | INFO | automotiv_bot | Abrindo atalho: C:\Users\User\Desktop\MenuGRV3 - Atalho (3).lnk
2026-05-25 18:35:59 | INFO | automotiv_bot | Sistema aberto/conectado.
2026-05-25 18:35:59 | INFO | automotiv_bot | Efetuando login.
2026-05-25 18:35:59 | INFO | automotiv_bot | Localizando campo de nome por imagem.
2026-05-25 18:36:02 | INFO | automotiv_bot | Senha preenchida com sucesso.
2026-05-25 18:36:02 | INFO | automotiv_bot | Clicando no botão LOGIN por imagem.
2026-05-25 18:36:03 | INFO | automotiv_bot | Clique no botão LOGIN realizado com sucesso por imagem.
2026-05-25 18:36:33 | INFO | automotiv_bot | Abrindo Cadastro > Materiais > Materiais/Itens.
2026-05-25 18:36:33 | INFO | automotiv_bot | Clicando menu 'Cadastro' por imagem 'menu_cadastro.png'.
2026-05-25 18:36:34 | INFO | automotiv_bot | Clicando menu 'Materiais' por imagem 'menu_materiais.png'.
2026-05-25 18:36:36 | INFO | automotiv_bot | Clicando menu 'Materiais/Itens' por imagem 'menu_materiais_itens.png'.
2026-05-25 18:36:42 | INFO | automotiv_bot | Processando material da linha 8 | código/referência=47688952 | quantidade=15
2026-05-25 18:36:57 | INFO | automotiv_bot | Pesquisando material '47688952' em status Ativo.
2026-05-25 18:36:57 | INFO | automotiv_bot | Abrindo pesquisa com F5.
2026-05-26 00:30:53 | INFO | automotiv_bot | Iniciando robô Automotiv.
2026-05-26 00:30:53 | INFO | automotiv_bot | Planilha: C:\Users\User\Documents\robo-automotiv\SOLICITAÇÃO DE ORÇAMENTO (1).xlsx
2026-05-26 00:30:54 | INFO | automotiv_bot | Itens lidos da planilha: 6
2026-05-26 00:30:54 | INFO | automotiv_bot | Linha 8 | Código/Referência: 47688952 | Quantidade: 15
2026-05-26 00:30:54 | INFO | automotiv_bot | Linha 9 | Código/Referência: HD9843 | Quantidade: 10
2026-05-26 00:30:54 | INFO | automotiv_bot | Linha 10 | Código/Referência: AE1390EP | Quantidade: 26
2026-05-26 00:30:54 | INFO | automotiv_bot | Linha 11 | Código/Referência: AE1211 | Quantidade: 10
2026-05-26 00:30:54 | INFO | automotiv_bot | Linha 12 | Código/Referência: P753463 | Quantidade: 5
2026-05-26 00:30:54 | INFO | automotiv_bot | Linha 13 | Código/Referência: P637453 | Quantidade: 35
2026-05-26 00:30:54 | INFO | automotiv_bot | Abrindo atalho: C:\Users\User\Desktop\MenuGRV3 - Atalho (3).lnk
2026-05-26 00:31:05 | INFO | automotiv_bot | Sistema aberto/conectado.
2026-05-26 00:31:05 | INFO | automotiv_bot | Efetuando login.
2026-05-26 00:31:05 | INFO | automotiv_bot | Localizando campo de nome por imagem.
2026-05-26 00:31:08 | INFO | automotiv_bot | Senha preenchida com sucesso.
2026-05-26 00:31:08 | INFO | automotiv_bot | Clicando no botão LOGIN por imagem.
2026-05-26 00:31:08 | INFO | automotiv_bot | Clique no botão LOGIN realizado com sucesso por imagem.
2026-05-26 00:31:38 | INFO | automotiv_bot | Abrindo Cadastro > Materiais > Materiais/Itens.
2026-05-26 00:31:38 | INFO | automotiv_bot | Clicando menu 'Cadastro' por imagem 'menu_cadastro.png'.
2026-05-26 00:31:40 | INFO | automotiv_bot | Clicando menu 'Materiais' por imagem 'menu_materiais.png'.
2026-05-26 00:31:41 | INFO | automotiv_bot | Clicando menu 'Materiais/Itens' por imagem 'menu_materiais_itens.png'.
2026-05-26 00:31:48 | INFO | automotiv_bot | Processando material da linha 8 | código/referência=47688952 | quantidade=15
2026-05-26 00:31:48 | INFO | automotiv_bot | Pesquisando material '47688952' em status Ativo.
2026-05-26 00:31:48 | INFO | automotiv_bot | Abrindo pesquisa com F5.
2026-05-26 00:52:11 | INFO | automotiv_bot | Iniciando robô Automotiv.
2026-05-26 00:52:11 | INFO | automotiv_bot | Planilha: C:\Users\User\Documents\robo-automotiv\SOLICITAÇÃO DE ORÇAMENTO (1).xlsx
2026-05-26 00:52:11 | INFO | automotiv_bot | Itens lidos da planilha: 6
2026-05-26 00:52:11 | INFO | automotiv_bot | Linha 8 | Código/Referência: 47688952 | Quantidade: 15
2026-05-26 00:52:11 | INFO | automotiv_bot | Linha 9 | Código/Referência: HD9843 | Quantidade: 10
2026-05-26 00:52:11 | INFO | automotiv_bot | Linha 10 | Código/Referência: AE1390EP | Quantidade: 26
2026-05-26 00:52:11 | INFO | automotiv_bot | Linha 11 | Código/Referência: AE1211 | Quantidade: 10
2026-05-26 00:52:11 | INFO | automotiv_bot | Linha 12 | Código/Referência: P753463 | Quantidade: 5
2026-05-26 00:52:11 | INFO | automotiv_bot | Linha 13 | Código/Referência: P637453 | Quantidade: 35
2026-05-26 00:52:11 | INFO | automotiv_bot | Abrindo atalho: C:\Users\User\Desktop\MenuGRV3 - Atalho (3).lnk
2026-05-26 00:52:22 | INFO | automotiv_bot | Sistema aberto/conectado.
2026-05-26 00:52:22 | INFO | automotiv_bot | Efetuando login.
2026-05-26 00:52:22 | INFO | automotiv_bot | Localizando campo de nome por imagem.
2026-05-26 00:52:25 | INFO | automotiv_bot | Senha preenchida com sucesso.
2026-05-26 00:52:25 | INFO | automotiv_bot | Clicando no botão LOGIN por imagem.
2026-05-26 00:52:26 | INFO | automotiv_bot | Clique no botão LOGIN realizado com sucesso por imagem.
2026-05-26 00:52:56 | INFO | automotiv_bot | Abrindo Cadastro > Materiais > Materiais/Itens.
2026-05-26 00:52:56 | INFO | automotiv_bot | Clicando menu 'Cadastro' por imagem 'menu_cadastro.png'.
2026-05-26 00:52:58 | INFO | automotiv_bot | Clicando menu 'Materiais' por imagem 'menu_materiais.png'.
2026-05-26 00:52:59 | INFO | automotiv_bot | Clicando menu 'Materiais/Itens' por imagem 'menu_materiais_itens.png'.
2026-05-26 00:53:06 | INFO | automotiv_bot | Processando material da linha 8 | código/referência=47688952 | quantidade=15
2026-05-26 00:53:06 | INFO | automotiv_bot | Pesquisando material '47688952' em status Ativo.
2026-05-26 00:53:06 | INFO | automotiv_bot | Abrindo pesquisa com F5.
2026-05-26 00:58:08 | INFO | automotiv_bot | Iniciando robô Automotiv.
2026-05-26 00:58:08 | INFO | automotiv_bot | Planilha: C:\Users\User\Documents\robo-automotiv\SOLICITAÇÃO DE ORÇAMENTO (1).xlsx
2026-05-26 00:58:09 | INFO | automotiv_bot | Itens lidos da planilha: 6
2026-05-26 00:58:09 | INFO | automotiv_bot | Linha 8 | Código/Referência: 47688952 | Quantidade: 15
2026-05-26 00:58:09 | INFO | automotiv_bot | Linha 9 | Código/Referência: HD9843 | Quantidade: 10
2026-05-26 00:58:09 | INFO | automotiv_bot | Linha 10 | Código/Referência: AE1390EP | Quantidade: 26
2026-05-26 00:58:09 | INFO | automotiv_bot | Linha 11 | Código/Referência: AE1211 | Quantidade: 10
2026-05-26 00:58:09 | INFO | automotiv_bot | Linha 12 | Código/Referência: P753463 | Quantidade: 5
2026-05-26 00:58:09 | INFO | automotiv_bot | Linha 13 | Código/Referência: P637453 | Quantidade: 35
2026-05-26 00:58:09 | INFO | automotiv_bot | Abrindo atalho: C:\Users\User\Desktop\MenuGRV3 - Atalho (3).lnk
2026-05-26 00:58:19 | INFO | automotiv_bot | Sistema aberto/conectado.
2026-05-26 00:58:19 | INFO | automotiv_bot | Efetuando login.
2026-05-26 00:58:19 | INFO | automotiv_bot | Localizando campo de nome por imagem.
2026-05-26 00:58:23 | INFO | automotiv_bot | Senha preenchida com sucesso.
2026-05-26 00:58:23 | INFO | automotiv_bot | Clicando no botão LOGIN por imagem.
2026-05-26 00:58:24 | INFO | automotiv_bot | Clique no botão LOGIN realizado com sucesso por imagem.
2026-05-26 00:58:54 | INFO | automotiv_bot | Abrindo Cadastro > Materiais > Materiais/Itens.
2026-05-26 00:58:54 | INFO | automotiv_bot | Clicando menu 'Cadastro' por imagem 'menu_cadastro.png'.
2026-05-26 00:58:55 | INFO | automotiv_bot | Clicando menu 'Materiais' por imagem 'menu_materiais.png'.
2026-05-26 00:58:57 | INFO | automotiv_bot | Clicando menu 'Materiais/Itens' por imagem 'menu_materiais_itens.png'.
2026-05-26 00:59:03 | INFO | automotiv_bot | Processando material da linha 8 | código/referência=47688952 | quantidade=15
2026-05-26 00:59:03 | INFO | automotiv_bot | Pesquisando material '47688952' em status Ativo.
2026-05-26 00:59:03 | INFO | automotiv_bot | Abrindo pesquisa com F5.
2026-05-26 01:14:41 | INFO | automotiv_bot | Iniciando robô Automotiv.
2026-05-26 01:14:41 | INFO | automotiv_bot | Planilha: C:\Users\User\Documents\robo-automotiv\SOLICITAÇÃO DE ORÇAMENTO (1).xlsx
2026-05-26 01:14:41 | INFO | automotiv_bot | Itens lidos da planilha: 6
2026-05-26 01:14:41 | INFO | automotiv_bot | Linha 8 | Código/Referência: 47688952 | Quantidade: 15
2026-05-26 01:14:41 | INFO | automotiv_bot | Linha 9 | Código/Referência: HD9843 | Quantidade: 10
2026-05-26 01:14:41 | INFO | automotiv_bot | Linha 10 | Código/Referência: AE1390EP | Quantidade: 26
2026-05-26 01:14:41 | INFO | automotiv_bot | Linha 11 | Código/Referência: AE1211 | Quantidade: 10
2026-05-26 01:14:41 | INFO | automotiv_bot | Linha 12 | Código/Referência: P753463 | Quantidade: 5
2026-05-26 01:14:41 | INFO | automotiv_bot | Linha 13 | Código/Referência: P637453 | Quantidade: 35
2026-05-26 01:14:41 | INFO | automotiv_bot | Abrindo atalho: C:\Users\User\Desktop\MenuGRV3 - Atalho (3).lnk
2026-05-26 01:14:52 | INFO | automotiv_bot | Sistema aberto/conectado.
2026-05-26 01:14:52 | INFO | automotiv_bot | Efetuando login.
2026-05-26 01:14:52 | INFO | automotiv_bot | Localizando campo de nome por imagem.
2026-05-26 01:14:55 | INFO | automotiv_bot | Senha preenchida com sucesso.
2026-05-26 01:14:55 | INFO | automotiv_bot | Clicando no botão LOGIN por imagem.
2026-05-26 01:14:56 | INFO | automotiv_bot | Clique no botão LOGIN realizado com sucesso por imagem.
2026-05-26 01:15:26 | INFO | automotiv_bot | Abrindo Cadastro > Materiais > Materiais/Itens.
2026-05-26 01:15:26 | INFO | automotiv_bot | Clicando menu 'Cadastro' por imagem 'menu_cadastro.png'.
2026-05-26 01:15:27 | INFO | automotiv_bot | Clicando menu 'Materiais' por imagem 'menu_materiais.png'.
2026-05-26 01:15:29 | INFO | automotiv_bot | Clicando menu 'Materiais/Itens' por imagem 'menu_materiais_itens.png'.
2026-05-26 01:15:35 | INFO | automotiv_bot | Processando material da linha 8 | código/referência=47688952 | quantidade=15
2026-05-26 01:15:35 | INFO | automotiv_bot | Pesquisando material '47688952' em status Ativo.
2026-05-26 01:15:35 | INFO | automotiv_bot | Abrindo pesquisa com F5.
2026-05-26 01:15:43 | INFO | automotiv_bot | Resultado da busca no texto da janela: False
2026-05-26 01:20:56 | INFO | automotiv_bot | Iniciando robô Automotiv.
2026-05-26 01:20:56 | INFO | automotiv_bot | Planilha: C:\Users\User\Documents\robo-automotiv\SOLICITAÇÃO DE ORÇAMENTO (1).xlsx
2026-05-26 01:20:56 | INFO | automotiv_bot | Itens lidos da planilha: 6
2026-05-26 01:20:56 | INFO | automotiv_bot | Linha 8 | Código/Referência: 47688952 | Quantidade: 15
2026-05-26 01:20:56 | INFO | automotiv_bot | Linha 9 | Código/Referência: HD9843 | Quantidade: 10
2026-05-26 01:20:56 | INFO | automotiv_bot | Linha 10 | Código/Referência: AE1390EP | Quantidade: 26
2026-05-26 01:20:56 | INFO | automotiv_bot | Linha 11 | Código/Referência: AE1211 | Quantidade: 10
2026-05-26 01:20:56 | INFO | automotiv_bot | Linha 12 | Código/Referência: P753463 | Quantidade: 5
2026-05-26 01:20:56 | INFO | automotiv_bot | Linha 13 | Código/Referência: P637453 | Quantidade: 35
2026-05-26 01:20:56 | INFO | automotiv_bot | Abrindo atalho: C:\Users\User\Desktop\MenuGRV3 - Atalho (3).lnk
2026-05-26 01:21:07 | INFO | automotiv_bot | Sistema aberto/conectado.
2026-05-26 01:21:07 | INFO | automotiv_bot | Efetuando login.
2026-05-26 01:21:07 | INFO | automotiv_bot | Localizando campo de nome por imagem.
2026-05-26 01:21:10 | INFO | automotiv_bot | Senha preenchida com sucesso.
2026-05-26 01:21:10 | INFO | automotiv_bot | Clicando no botão LOGIN por imagem.
2026-05-26 01:21:11 | INFO | automotiv_bot | Clique no botão LOGIN realizado com sucesso por imagem.
2026-05-26 01:21:41 | INFO | automotiv_bot | Abrindo Cadastro > Materiais > Materiais/Itens.
2026-05-26 01:21:41 | INFO | automotiv_bot | Clicando menu 'Cadastro' por imagem 'menu_cadastro.png'.
2026-05-26 01:21:42 | INFO | automotiv_bot | Clicando menu 'Materiais' por imagem 'menu_materiais.png'.
2026-05-26 01:21:44 | INFO | automotiv_bot | Clicando menu 'Materiais/Itens' por imagem 'menu_materiais_itens.png'.
2026-05-26 01:21:50 | INFO | automotiv_bot | Processando material da linha 8 | código/referência=47688952 | quantidade=15
2026-05-26 01:21:50 | INFO | automotiv_bot | Pesquisando material '47688952' em status Ativo.
2026-05-26 01:21:50 | INFO | automotiv_bot | Abrindo pesquisa com F5.
2026-05-26 01:21:59 | INFO | automotiv_bot | Resultado da busca no texto da janela: False
2026-05-26 15:19:27 | INFO | automotiv_bot | Iniciando robô Automotiv.
2026-05-26 15:19:27 | INFO | automotiv_bot | Planilha: C:\Users\User\Documents\robo-automotiv\SOLICITAÇÃO DE ORÇAMENTO (1).xlsx
2026-05-26 15:19:27 | INFO | automotiv_bot | Itens lidos da planilha: 6
2026-05-26 15:19:27 | INFO | automotiv_bot | Linha 8 | Código/Referência: 47688952 | Quantidade: 15
2026-05-26 15:19:27 | INFO | automotiv_bot | Linha 9 | Código/Referência: HD9843 | Quantidade: 10
2026-05-26 15:19:27 | INFO | automotiv_bot | Linha 10 | Código/Referência: AE1390EP | Quantidade: 26
2026-05-26 15:19:27 | INFO | automotiv_bot | Linha 11 | Código/Referência: AE1211 | Quantidade: 10
2026-05-26 15:19:27 | INFO | automotiv_bot | Linha 12 | Código/Referência: P753463 | Quantidade: 5
2026-05-26 15:19:27 | INFO | automotiv_bot | Linha 13 | Código/Referência: P637453 | Quantidade: 35
2026-05-26 15:19:27 | INFO | automotiv_bot | Abrindo atalho: C:\Users\User\Desktop\MenuGRV3 - Atalho (3).lnk
2026-05-26 15:19:38 | INFO | automotiv_bot | Sistema aberto/conectado.
2026-05-26 15:19:38 | INFO | automotiv_bot | Efetuando login.
2026-05-26 15:19:38 | INFO | automotiv_bot | Localizando campo de nome por imagem.
2026-05-26 15:19:41 | INFO | automotiv_bot | Senha preenchida com sucesso.
2026-05-26 15:19:41 | INFO | automotiv_bot | Clicando no botão LOGIN por imagem.
2026-05-26 15:19:42 | INFO | automotiv_bot | Clique no botão LOGIN realizado com sucesso por imagem.
2026-05-26 15:20:12 | INFO | automotiv_bot | Abrindo Cadastro > Materiais > Materiais/Itens.
2026-05-26 15:20:12 | INFO | automotiv_bot | Clicando menu 'Cadastro' por imagem 'menu_cadastro.png'.
2026-05-26 15:20:14 | INFO | automotiv_bot | Clicando menu 'Materiais' por imagem 'menu_materiais.png'.
2026-05-26 15:20:15 | INFO | automotiv_bot | Clicando menu 'Materiais/Itens' por imagem 'menu_materiais_itens.png'.
2026-05-26 15:20:22 | INFO | automotiv_bot | Processando material da linha 8 | código/referência=47688952 | quantidade=15
2026-05-26 15:20:22 | INFO | automotiv_bot | Pesquisando material '47688952' em status Ativo.
2026-05-26 15:20:22 | INFO | automotiv_bot | Abrindo pesquisa com F5.
2026-05-26 15:21:21 | INFO | automotiv_bot | Iniciando robô Automotiv.
2026-05-26 15:21:21 | INFO | automotiv_bot | Planilha: C:\Users\User\Documents\robo-automotiv\SOLICITAÇÃO DE ORÇAMENTO (1).xlsx
2026-05-26 15:21:22 | INFO | automotiv_bot | Itens lidos da planilha: 6
2026-05-26 15:21:22 | INFO | automotiv_bot | Linha 8 | Código/Referência: 47688952 | Quantidade: 15
2026-05-26 15:21:22 | INFO | automotiv_bot | Linha 9 | Código/Referência: HD9843 | Quantidade: 10
2026-05-26 15:21:22 | INFO | automotiv_bot | Linha 10 | Código/Referência: AE1390EP | Quantidade: 26
2026-05-26 15:21:22 | INFO | automotiv_bot | Linha 11 | Código/Referência: AE1211 | Quantidade: 10
2026-05-26 15:21:22 | INFO | automotiv_bot | Linha 12 | Código/Referência: P753463 | Quantidade: 5
2026-05-26 15:21:22 | INFO | automotiv_bot | Linha 13 | Código/Referência: P637453 | Quantidade: 35
2026-05-26 15:21:22 | INFO | automotiv_bot | Abrindo atalho: C:\Users\User\Desktop\MenuGRV3 - Atalho (3).lnk
2026-05-26 15:21:32 | INFO | automotiv_bot | Sistema aberto/conectado.
2026-05-26 15:21:32 | INFO | automotiv_bot | Efetuando login.
2026-05-26 15:21:32 | INFO | automotiv_bot | Localizando campo de nome por imagem.
2026-05-26 15:21:36 | INFO | automotiv_bot | Senha preenchida com sucesso.
2026-05-26 15:21:36 | INFO | automotiv_bot | Clicando no botão LOGIN por imagem.
2026-05-26 15:21:36 | INFO | automotiv_bot | Clique no botão LOGIN realizado com sucesso por imagem.
2026-05-26 15:22:06 | INFO | automotiv_bot | Abrindo Cadastro > Materiais > Materiais/Itens.
2026-05-26 15:22:06 | INFO | automotiv_bot | Clicando menu 'Cadastro' por imagem 'menu_cadastro.png'.
2026-05-26 15:22:08 | INFO | automotiv_bot | Clicando menu 'Materiais' por imagem 'menu_materiais.png'.
2026-05-26 15:22:09 | INFO | automotiv_bot | Clicando menu 'Materiais/Itens' por imagem 'menu_materiais_itens.png'.
2026-05-26 15:22:16 | INFO | automotiv_bot | Processando material da linha 8 | código/referência=47688952 | quantidade=15
2026-05-26 15:22:16 | INFO | automotiv_bot | Pesquisando material '47688952' em status Ativo.
2026-05-26 15:22:16 | INFO | automotiv_bot | Abrindo pesquisa com F5.
2026-05-26 15:22:41 | INFO | automotiv_bot | Iniciando robô Automotiv.
2026-05-26 15:22:41 | INFO | automotiv_bot | Planilha: C:\Users\User\Documents\robo-automotiv\SOLICITAÇÃO DE ORÇAMENTO (1).xlsx
2026-05-26 15:22:42 | INFO | automotiv_bot | Itens lidos da planilha: 6
2026-05-26 15:22:42 | INFO | automotiv_bot | Linha 8 | Código/Referência: 47688952 | Quantidade: 15
2026-05-26 15:22:42 | INFO | automotiv_bot | Linha 9 | Código/Referência: HD9843 | Quantidade: 10
2026-05-26 15:22:42 | INFO | automotiv_bot | Linha 10 | Código/Referência: AE1390EP | Quantidade: 26
2026-05-26 15:22:42 | INFO | automotiv_bot | Linha 11 | Código/Referência: AE1211 | Quantidade: 10
2026-05-26 15:22:42 | INFO | automotiv_bot | Linha 12 | Código/Referência: P753463 | Quantidade: 5
2026-05-26 15:22:42 | INFO | automotiv_bot | Linha 13 | Código/Referência: P637453 | Quantidade: 35
2026-05-26 15:22:42 | INFO | automotiv_bot | Abrindo atalho: C:\Users\User\Desktop\MenuGRV3 - Atalho (3).lnk
2026-05-26 15:22:52 | INFO | automotiv_bot | Sistema aberto/conectado.
2026-05-26 15:22:52 | INFO | automotiv_bot | Efetuando login.
2026-05-26 15:22:52 | INFO | automotiv_bot | Localizando campo de nome por imagem.
2026-05-26 15:22:55 | INFO | automotiv_bot | Senha preenchida com sucesso.
2026-05-26 15:22:55 | INFO | automotiv_bot | Clicando no botão LOGIN por imagem.
2026-05-26 15:22:56 | INFO | automotiv_bot | Clique no botão LOGIN realizado com sucesso por imagem.
2026-05-26 15:23:26 | INFO | automotiv_bot | Abrindo Cadastro > Materiais > Materiais/Itens.
2026-05-26 15:23:26 | INFO | automotiv_bot | Clicando menu 'Cadastro' por imagem 'menu_cadastro.png'.
2026-05-26 15:23:28 | INFO | automotiv_bot | Clicando menu 'Materiais' por imagem 'menu_materiais.png'.
2026-05-26 15:23:29 | INFO | automotiv_bot | Clicando menu 'Materiais/Itens' por imagem 'menu_materiais_itens.png'.
2026-05-26 15:23:36 | INFO | automotiv_bot | Processando material da linha 8 | código/referência=47688952 | quantidade=15
2026-05-26 15:23:36 | INFO | automotiv_bot | Pesquisando material '47688952' em status Ativo.
2026-05-26 15:23:36 | INFO | automotiv_bot | Abrindo pesquisa com F5.
2026-05-26 15:23:44 | INFO | automotiv_bot | Validando se a busca retornou resultado pela imagem da grid.
2026-05-26 17:19:18 | INFO | automotiv_bot | Iniciando robô Automotiv.
2026-05-26 17:19:18 | INFO | automotiv_bot | Planilha: C:\Users\User\Documents\robo-automotiv\SOLICITAÇÃO DE ORÇAMENTO (1).xlsx
2026-05-26 17:19:18 | INFO | automotiv_bot | Itens lidos da planilha: 6
2026-05-26 17:19:18 | INFO | automotiv_bot | Linha 8 | Código/Referência: 47688952 | Quantidade: 15
2026-05-26 17:19:18 | INFO | automotiv_bot | Linha 9 | Código/Referência: HD9843 | Quantidade: 10
2026-05-26 17:19:18 | INFO | automotiv_bot | Linha 10 | Código/Referência: AE1390EP | Quantidade: 26
2026-05-26 17:19:18 | INFO | automotiv_bot | Linha 11 | Código/Referência: AE1211 | Quantidade: 10
2026-05-26 17:19:18 | INFO | automotiv_bot | Linha 12 | Código/Referência: P753463 | Quantidade: 5
2026-05-26 17:19:18 | INFO | automotiv_bot | Linha 13 | Código/Referência: P637453 | Quantidade: 35
2026-05-26 17:19:18 | INFO | automotiv_bot | Abrindo atalho: C:\Users\User\Desktop\MenuGRV3 - Atalho (3).lnk
2026-05-26 17:19:29 | INFO | automotiv_bot | Sistema aberto/conectado.
2026-05-26 17:19:29 | INFO | automotiv_bot | Efetuando login.
2026-05-26 17:19:29 | INFO | automotiv_bot | Localizando campo de nome por imagem.
2026-05-26 17:19:33 | INFO | automotiv_bot | Senha preenchida com sucesso.
2026-05-26 17:19:33 | INFO | automotiv_bot | Clicando no botão LOGIN por imagem.
2026-05-26 17:19:33 | INFO | automotiv_bot | Clique no botão LOGIN realizado com sucesso por imagem.
2026-05-26 17:20:03 | INFO | automotiv_bot | Abrindo Cadastro > Materiais > Materiais/Itens.
2026-05-26 17:20:03 | INFO | automotiv_bot | Clicando menu 'Cadastro' por imagem 'menu_cadastro.png'.
2026-05-26 17:20:05 | INFO | automotiv_bot | Clicando menu 'Materiais' por imagem 'menu_materiais.png'.
2026-05-26 17:20:07 | INFO | automotiv_bot | Clicando menu 'Materiais/Itens' por imagem 'menu_materiais_itens.png'.
2026-05-26 17:20:13 | INFO | automotiv_bot | Processando material da linha 8 | código/referência=47688952 | quantidade=15
2026-05-26 17:20:13 | INFO | automotiv_bot | Pesquisando material '47688952' em status Ativo.
2026-05-26 17:20:13 | INFO | automotiv_bot | Abrindo pesquisa com F5.
2026-05-28 00:30:54 | INFO | automotiv_bot | Iniciando robô Automotiv.
2026-05-28 00:30:54 | INFO | automotiv_bot | Planilha: C:\Users\User\Documents\robo-automotiv\SOLICITAÇÃO DE ORÇAMENTO (1).xlsx
2026-05-28 00:30:54 | INFO | automotiv_bot | Itens lidos da planilha: 6
2026-05-28 00:30:54 | INFO | automotiv_bot | Linha 8 | Código/Referência: 47688952 | Quantidade: 15
2026-05-28 00:30:54 | INFO | automotiv_bot | Linha 9 | Código/Referência: HD9843 | Quantidade: 10
2026-05-28 00:30:54 | INFO | automotiv_bot | Linha 10 | Código/Referência: AE1390EP | Quantidade: 26
2026-05-28 00:30:54 | INFO | automotiv_bot | Linha 11 | Código/Referência: AE1211 | Quantidade: 10
2026-05-28 00:30:54 | INFO | automotiv_bot | Linha 12 | Código/Referência: P753463 | Quantidade: 5
2026-05-28 00:30:54 | INFO | automotiv_bot | Linha 13 | Código/Referência: P637453 | Quantidade: 35
2026-05-28 00:30:54 | INFO | automotiv_bot | Abrindo atalho: C:\Users\User\Desktop\MenuGRV3 - Atalho (3).lnk
2026-05-28 00:31:08 | INFO | automotiv_bot | Sistema aberto/conectado.
2026-05-28 00:31:08 | INFO | automotiv_bot | Efetuando login.
2026-05-28 00:31:08 | INFO | automotiv_bot | Localizando campo de nome por imagem.
2026-05-28 00:31:12 | INFO | automotiv_bot | Senha preenchida com sucesso.
2026-05-28 00:31:12 | INFO | automotiv_bot | Clicando no botão LOGIN por imagem.
2026-05-28 00:31:12 | INFO | automotiv_bot | Clique no botão LOGIN realizado com sucesso por imagem.
2026-05-28 00:31:42 | INFO | automotiv_bot | Abrindo Cadastro > Materiais > Materiais/Itens.
2026-05-28 00:31:42 | INFO | automotiv_bot | Clicando menu 'Cadastro' por imagem 'menu_cadastro.png'.
2026-05-28 00:31:44 | INFO | automotiv_bot | Clicando menu 'Materiais' por imagem 'menu_materiais.png'.
2026-05-28 00:31:46 | INFO | automotiv_bot | Clicando menu 'Materiais/Itens' por imagem 'menu_materiais_itens.png'.
2026-05-28 00:31:52 | INFO | automotiv_bot | Processando material da linha 8 | código/referência=47688952 | quantidade=15
2026-05-28 00:31:52 | INFO | automotiv_bot | Pesquisando material '47688952' em status Ativo.
2026-05-28 00:31:52 | INFO | automotiv_bot | Abrindo pesquisa com F5.
2026-05-28 00:34:23 | INFO | automotiv_bot | Iniciando robô Automotiv.
2026-05-28 00:34:23 | INFO | automotiv_bot | Planilha: C:\Users\User\Documents\robo-automotiv\SOLICITAÇÃO DE ORÇAMENTO (1).xlsx
2026-05-28 00:34:24 | INFO | automotiv_bot | Itens lidos da planilha: 6
2026-05-28 00:34:24 | INFO | automotiv_bot | Linha 8 | Código/Referência: 47688952 | Quantidade: 15
2026-05-28 00:34:24 | INFO | automotiv_bot | Linha 9 | Código/Referência: HD9843 | Quantidade: 10
2026-05-28 00:34:24 | INFO | automotiv_bot | Linha 10 | Código/Referência: AE1390EP | Quantidade: 26
2026-05-28 00:34:24 | INFO | automotiv_bot | Linha 11 | Código/Referência: AE1211 | Quantidade: 10
2026-05-28 00:34:24 | INFO | automotiv_bot | Linha 12 | Código/Referência: P753463 | Quantidade: 5
2026-05-28 00:34:24 | INFO | automotiv_bot | Linha 13 | Código/Referência: P637453 | Quantidade: 35
2026-05-28 00:34:24 | INFO | automotiv_bot | Abrindo atalho: C:\Users\User\Desktop\MenuGRV3 - Atalho (3).lnk
2026-05-28 00:34:34 | INFO | automotiv_bot | Sistema aberto/conectado.
2026-05-28 00:34:34 | INFO | automotiv_bot | Efetuando login.
2026-05-28 00:34:34 | INFO | automotiv_bot | Localizando campo de nome por imagem.
2026-05-28 00:34:37 | INFO | automotiv_bot | Senha preenchida com sucesso.
2026-05-28 00:34:37 | INFO | automotiv_bot | Clicando no botão LOGIN por imagem.
2026-05-28 00:34:38 | INFO | automotiv_bot | Clique no botão LOGIN realizado com sucesso por imagem.
2026-05-28 00:35:08 | INFO | automotiv_bot | Abrindo Cadastro > Materiais > Materiais/Itens.
2026-05-28 00:35:08 | INFO | automotiv_bot | Clicando menu 'Cadastro' por imagem 'menu_cadastro.png'.
2026-05-28 00:35:09 | INFO | automotiv_bot | Clicando menu 'Materiais' por imagem 'menu_materiais.png'.
2026-05-28 00:35:11 | INFO | automotiv_bot | Clicando menu 'Materiais/Itens' por imagem 'menu_materiais_itens.png'.
2026-05-28 00:35:17 | INFO | automotiv_bot | Processando material da linha 8 | código/referência=47688952 | quantidade=15
2026-05-28 00:35:17 | INFO | automotiv_bot | Pesquisando material '47688952' em status Ativo.
2026-05-28 00:35:17 | INFO | automotiv_bot | Abrindo pesquisa com F5.
2026-05-28 00:35:20 | INFO | automotiv_bot | Alterando filtro para Inativo.
2026-05-28 00:36:59 | INFO | automotiv_bot | Iniciando robô Automotiv.
2026-05-28 00:36:59 | INFO | automotiv_bot | Planilha: C:\Users\User\Documents\robo-automotiv\SOLICITAÇÃO DE ORÇAMENTO (1).xlsx
2026-05-28 00:36:59 | INFO | automotiv_bot | Itens lidos da planilha: 6
2026-05-28 00:36:59 | INFO | automotiv_bot | Linha 8 | Código/Referência: 47688952 | Quantidade: 15
2026-05-28 00:36:59 | INFO | automotiv_bot | Linha 9 | Código/Referência: HD9843 | Quantidade: 10
2026-05-28 00:36:59 | INFO | automotiv_bot | Linha 10 | Código/Referência: AE1390EP | Quantidade: 26
2026-05-28 00:36:59 | INFO | automotiv_bot | Linha 11 | Código/Referência: AE1211 | Quantidade: 10
2026-05-28 00:36:59 | INFO | automotiv_bot | Linha 12 | Código/Referência: P753463 | Quantidade: 5
2026-05-28 00:36:59 | INFO | automotiv_bot | Linha 13 | Código/Referência: P637453 | Quantidade: 35
2026-05-28 00:37:00 | INFO | automotiv_bot | Abrindo atalho: C:\Users\User\Desktop\MenuGRV3 - Atalho (3).lnk
2026-05-28 00:37:11 | INFO | automotiv_bot | Sistema aberto/conectado.
2026-05-28 00:37:11 | INFO | automotiv_bot | Efetuando login.
2026-05-28 00:37:11 | INFO | automotiv_bot | Localizando campo de nome por imagem.
2026-05-28 00:37:15 | INFO | automotiv_bot | Senha preenchida com sucesso.
2026-05-28 00:37:15 | INFO | automotiv_bot | Clicando no botão LOGIN por imagem.
2026-05-28 00:37:16 | INFO | automotiv_bot | Clique no botão LOGIN realizado com sucesso por imagem.
2026-05-28 00:37:46 | INFO | automotiv_bot | Abrindo Cadastro > Materiais > Materiais/Itens.
2026-05-28 00:37:46 | INFO | automotiv_bot | Clicando menu 'Cadastro' por imagem 'menu_cadastro.png'.
2026-05-28 00:37:47 | INFO | automotiv_bot | Clicando menu 'Materiais' por imagem 'menu_materiais.png'.
2026-05-28 00:37:49 | INFO | automotiv_bot | Clicando menu 'Materiais/Itens' por imagem 'menu_materiais_itens.png'.
2026-05-28 00:37:55 | INFO | automotiv_bot | Processando material da linha 8 | código/referência=47688952 | quantidade=15
2026-05-28 00:37:55 | INFO | automotiv_bot | Pesquisando material '47688952' em status Ativo.
2026-05-28 00:37:55 | INFO | automotiv_bot | Abrindo pesquisa com F5.
2026-05-28 00:37:58 | INFO | automotiv_bot | Alterando filtro para Inativo.
2026-05-28 00:38:41 | INFO | automotiv_bot | Iniciando robô Automotiv.
2026-05-28 00:38:41 | INFO | automotiv_bot | Planilha: C:\Users\User\Documents\robo-automotiv\SOLICITAÇÃO DE ORÇAMENTO (1).xlsx
2026-05-28 00:38:42 | INFO | automotiv_bot | Itens lidos da planilha: 6
2026-05-28 00:38:42 | INFO | automotiv_bot | Linha 8 | Código/Referência: 47688952 | Quantidade: 15
2026-05-28 00:38:42 | INFO | automotiv_bot | Linha 9 | Código/Referência: HD9843 | Quantidade: 10
2026-05-28 00:38:42 | INFO | automotiv_bot | Linha 10 | Código/Referência: AE1390EP | Quantidade: 26
2026-05-28 00:38:42 | INFO | automotiv_bot | Linha 11 | Código/Referência: AE1211 | Quantidade: 10
2026-05-28 00:38:42 | INFO | automotiv_bot | Linha 12 | Código/Referência: P753463 | Quantidade: 5
2026-05-28 00:38:42 | INFO | automotiv_bot | Linha 13 | Código/Referência: P637453 | Quantidade: 35
2026-05-28 00:38:42 | INFO | automotiv_bot | Abrindo atalho: C:\Users\User\Desktop\MenuGRV3 - Atalho (3).lnk
2026-05-28 00:38:53 | INFO | automotiv_bot | Sistema aberto/conectado.
2026-05-28 00:38:53 | INFO | automotiv_bot | Efetuando login.
2026-05-28 00:38:53 | INFO | automotiv_bot | Localizando campo de nome por imagem.
2026-05-28 00:38:56 | INFO | automotiv_bot | Senha preenchida com sucesso.
2026-05-28 00:38:56 | INFO | automotiv_bot | Clicando no botão LOGIN por imagem.
2026-05-28 00:38:57 | INFO | automotiv_bot | Clique no botão LOGIN realizado com sucesso por imagem.
2026-05-28 00:39:27 | INFO | automotiv_bot | Abrindo Cadastro > Materiais > Materiais/Itens.
2026-05-28 00:39:27 | INFO | automotiv_bot | Clicando menu 'Cadastro' por imagem 'menu_cadastro.png'.
2026-05-28 00:39:29 | INFO | automotiv_bot | Clicando menu 'Materiais' por imagem 'menu_materiais.png'.
2026-05-28 00:39:30 | INFO | automotiv_bot | Clicando menu 'Materiais/Itens' por imagem 'menu_materiais_itens.png'.
2026-05-28 00:39:37 | INFO | automotiv_bot | Processando material da linha 8 | código/referência=47688952 | quantidade=15
2026-05-28 00:39:37 | INFO | automotiv_bot | Pesquisando material '47688952' em status Ativo.
2026-05-28 00:39:37 | INFO | automotiv_bot | Abrindo pesquisa com F5.
2026-05-28 00:42:47 | INFO | automotiv_bot | Alterando filtro para Inativo.
2026-05-28 00:43:33 | INFO | automotiv_bot | Iniciando robô Automotiv.
2026-05-28 00:43:33 | INFO | automotiv_bot | Planilha: C:\Users\User\Documents\robo-automotiv\SOLICITAÇÃO DE ORÇAMENTO (1).xlsx
2026-05-28 00:43:34 | INFO | automotiv_bot | Itens lidos da planilha: 6
2026-05-28 00:43:34 | INFO | automotiv_bot | Linha 8 | Código/Referência: 47688952 | Quantidade: 15
2026-05-28 00:43:34 | INFO | automotiv_bot | Linha 9 | Código/Referência: HD9843 | Quantidade: 10
2026-05-28 00:43:34 | INFO | automotiv_bot | Linha 10 | Código/Referência: AE1390EP | Quantidade: 26
2026-05-28 00:43:34 | INFO | automotiv_bot | Linha 11 | Código/Referência: AE1211 | Quantidade: 10
2026-05-28 00:43:34 | INFO | automotiv_bot | Linha 12 | Código/Referência: P753463 | Quantidade: 5
2026-05-28 00:43:34 | INFO | automotiv_bot | Linha 13 | Código/Referência: P637453 | Quantidade: 35
2026-05-28 00:43:34 | INFO | automotiv_bot | Abrindo atalho: C:\Users\User\Desktop\MenuGRV3 - Atalho (3).lnk
2026-05-28 00:43:45 | INFO | automotiv_bot | Sistema aberto/conectado.
2026-05-28 00:43:45 | INFO | automotiv_bot | Efetuando login.
2026-05-28 00:43:45 | INFO | automotiv_bot | Localizando campo de nome por imagem.
2026-05-28 00:43:48 | INFO | automotiv_bot | Senha preenchida com sucesso.
2026-05-28 00:43:48 | INFO | automotiv_bot | Clicando no botão LOGIN por imagem.
2026-05-28 00:43:49 | INFO | automotiv_bot | Clique no botão LOGIN realizado com sucesso por imagem.
2026-05-28 00:44:19 | INFO | automotiv_bot | Abrindo Cadastro > Materiais > Materiais/Itens.
2026-05-28 00:44:19 | INFO | automotiv_bot | Clicando menu 'Cadastro' por imagem 'menu_cadastro.png'.
2026-05-28 00:44:21 | INFO | automotiv_bot | Clicando menu 'Materiais' por imagem 'menu_materiais.png'.
2026-05-28 00:44:22 | INFO | automotiv_bot | Clicando menu 'Materiais/Itens' por imagem 'menu_materiais_itens.png'.
2026-05-28 00:44:29 | INFO | automotiv_bot | Processando material da linha 8 | código/referência=47688952 | quantidade=15
2026-05-28 00:44:29 | INFO | automotiv_bot | Pesquisando material '47688952' em status Ativo.
2026-05-28 00:44:29 | INFO | automotiv_bot | Abrindo pesquisa com F5.
2026-05-28 00:44:31 | INFO | automotiv_bot | Alterando filtro para Inativo.
2026-05-28 00:48:07 | INFO | automotiv_bot | Iniciando robô Automotiv.
2026-05-28 00:48:07 | INFO | automotiv_bot | Planilha: C:\Users\User\Documents\robo-automotiv\SOLICITAÇÃO DE ORÇAMENTO (1).xlsx
2026-05-28 00:48:07 | INFO | automotiv_bot | Itens lidos da planilha: 6
2026-05-28 00:48:07 | INFO | automotiv_bot | Linha 8 | Código/Referência: 47688952 | Quantidade: 15
2026-05-28 00:48:07 | INFO | automotiv_bot | Linha 9 | Código/Referência: HD9843 | Quantidade: 10
2026-05-28 00:48:07 | INFO | automotiv_bot | Linha 10 | Código/Referência: AE1390EP | Quantidade: 26
2026-05-28 00:48:07 | INFO | automotiv_bot | Linha 11 | Código/Referência: AE1211 | Quantidade: 10
2026-05-28 00:48:07 | INFO | automotiv_bot | Linha 12 | Código/Referência: P753463 | Quantidade: 5
2026-05-28 00:48:07 | INFO | automotiv_bot | Linha 13 | Código/Referência: P637453 | Quantidade: 35
2026-05-28 00:48:07 | INFO | automotiv_bot | Abrindo atalho: C:\Users\User\Desktop\MenuGRV3 - Atalho (3).lnk
2026-05-28 00:48:19 | INFO | automotiv_bot | Sistema aberto/conectado.
2026-05-28 00:48:19 | INFO | automotiv_bot | Efetuando login.
2026-05-28 00:48:19 | INFO | automotiv_bot | Localizando campo de nome por imagem.
2026-05-28 00:48:22 | INFO | automotiv_bot | Senha preenchida com sucesso.
2026-05-28 00:48:22 | INFO | automotiv_bot | Clicando no botão LOGIN por imagem.
2026-05-28 00:48:23 | INFO | automotiv_bot | Clique no botão LOGIN realizado com sucesso por imagem.
2026-05-28 00:48:53 | INFO | automotiv_bot | Abrindo Cadastro > Materiais > Materiais/Itens.
2026-05-28 00:48:53 | INFO | automotiv_bot | Clicando menu 'Cadastro' por imagem 'menu_cadastro.png'.
2026-05-28 00:48:54 | INFO | automotiv_bot | Clicando menu 'Materiais' por imagem 'menu_materiais.png'.
2026-05-28 00:48:56 | INFO | automotiv_bot | Clicando menu 'Materiais/Itens' por imagem 'menu_materiais_itens.png'.
2026-05-28 00:49:02 | INFO | automotiv_bot | Processando material da linha 8 | código/referência=47688952 | quantidade=15
2026-05-28 00:49:02 | INFO | automotiv_bot | Pesquisando material '47688952' em status Ativo.
2026-05-28 00:49:02 | INFO | automotiv_bot | Abrindo pesquisa com F5.
2026-05-28 00:50:47 | INFO | automotiv_bot | Iniciando robô Automotiv.
2026-05-28 00:50:47 | INFO | automotiv_bot | Planilha: C:\Users\User\Documents\robo-automotiv\SOLICITAÇÃO DE ORÇAMENTO (1).xlsx
2026-05-28 00:50:48 | INFO | automotiv_bot | Itens lidos da planilha: 6
2026-05-28 00:50:48 | INFO | automotiv_bot | Linha 8 | Código/Referência: 47688952 | Quantidade: 15
2026-05-28 00:50:48 | INFO | automotiv_bot | Linha 9 | Código/Referência: HD9843 | Quantidade: 10
2026-05-28 00:50:48 | INFO | automotiv_bot | Linha 10 | Código/Referência: AE1390EP | Quantidade: 26
2026-05-28 00:50:48 | INFO | automotiv_bot | Linha 11 | Código/Referência: AE1211 | Quantidade: 10
2026-05-28 00:50:48 | INFO | automotiv_bot | Linha 12 | Código/Referência: P753463 | Quantidade: 5
2026-05-28 00:50:48 | INFO | automotiv_bot | Linha 13 | Código/Referência: P637453 | Quantidade: 35
2026-05-28 00:50:48 | INFO | automotiv_bot | Abrindo atalho: C:\Users\User\Desktop\MenuGRV3 - Atalho (3).lnk
2026-05-28 00:50:59 | INFO | automotiv_bot | Sistema aberto/conectado.
2026-05-28 00:50:59 | INFO | automotiv_bot | Efetuando login.
2026-05-28 00:50:59 | INFO | automotiv_bot | Localizando campo de nome por imagem.
2026-05-28 00:51:03 | INFO | automotiv_bot | Senha preenchida com sucesso.
2026-05-28 00:51:03 | INFO | automotiv_bot | Clicando no botão LOGIN por imagem.
2026-05-28 00:51:03 | INFO | automotiv_bot | Clique no botão LOGIN realizado com sucesso por imagem.
2026-05-28 00:51:33 | INFO | automotiv_bot | Abrindo Cadastro > Materiais > Materiais/Itens.
2026-05-28 00:51:33 | INFO | automotiv_bot | Clicando menu 'Cadastro' por imagem 'menu_cadastro.png'.
2026-05-28 00:51:35 | INFO | automotiv_bot | Clicando menu 'Materiais' por imagem 'menu_materiais.png'.
2026-05-28 00:51:36 | INFO | automotiv_bot | Clicando menu 'Materiais/Itens' por imagem 'menu_materiais_itens.png'.
2026-05-28 00:51:43 | INFO | automotiv_bot | Processando material da linha 8 | código/referência=47688952 | quantidade=15
2026-05-28 00:51:43 | INFO | automotiv_bot | Pesquisando material '47688952' em status Ativo.
2026-05-28 00:51:43 | INFO | automotiv_bot | Abrindo pesquisa com F5.
2026-05-28 00:52:43 | INFO | automotiv_bot | Iniciando robô Automotiv.
2026-05-28 00:52:43 | INFO | automotiv_bot | Planilha: C:\Users\User\Documents\robo-automotiv\SOLICITAÇÃO DE ORÇAMENTO (1).xlsx
2026-05-28 00:52:43 | INFO | automotiv_bot | Itens lidos da planilha: 6
2026-05-28 00:52:43 | INFO | automotiv_bot | Linha 8 | Código/Referência: 47688952 | Quantidade: 15
2026-05-28 00:52:43 | INFO | automotiv_bot | Linha 9 | Código/Referência: HD9843 | Quantidade: 10
2026-05-28 00:52:43 | INFO | automotiv_bot | Linha 10 | Código/Referência: AE1390EP | Quantidade: 26
2026-05-28 00:52:43 | INFO | automotiv_bot | Linha 11 | Código/Referência: AE1211 | Quantidade: 10
2026-05-28 00:52:43 | INFO | automotiv_bot | Linha 12 | Código/Referência: P753463 | Quantidade: 5
2026-05-28 00:52:43 | INFO | automotiv_bot | Linha 13 | Código/Referência: P637453 | Quantidade: 35
2026-05-28 00:52:43 | INFO | automotiv_bot | Abrindo atalho: C:\Users\User\Desktop\MenuGRV3 - Atalho (3).lnk
2026-05-28 00:52:54 | INFO | automotiv_bot | Sistema aberto/conectado.
2026-05-28 00:52:54 | INFO | automotiv_bot | Efetuando login.
2026-05-28 00:52:54 | INFO | automotiv_bot | Localizando campo de nome por imagem.
2026-05-28 00:52:57 | INFO | automotiv_bot | Senha preenchida com sucesso.
2026-05-28 00:52:57 | INFO | automotiv_bot | Clicando no botão LOGIN por imagem.
2026-05-28 00:52:58 | INFO | automotiv_bot | Clique no botão LOGIN realizado com sucesso por imagem.
2026-05-28 00:53:28 | INFO | automotiv_bot | Abrindo Cadastro > Materiais > Materiais/Itens.
2026-05-28 00:53:28 | INFO | automotiv_bot | Clicando menu 'Cadastro' por imagem 'menu_cadastro.png'.
2026-05-28 00:53:30 | INFO | automotiv_bot | Clicando menu 'Materiais' por imagem 'menu_materiais.png'.
2026-05-28 00:53:31 | INFO | automotiv_bot | Clicando menu 'Materiais/Itens' por imagem 'menu_materiais_itens.png'.
2026-05-28 00:53:38 | INFO | automotiv_bot | Processando material da linha 8 | código/referência=47688952 | quantidade=15
2026-05-28 00:53:38 | INFO | automotiv_bot | Pesquisando material '47688952' em status Ativo.
2026-05-28 00:53:38 | INFO | automotiv_bot | Abrindo pesquisa com F5.
2026-05-28 00:56:30 | INFO | automotiv_bot | Procurando código exato na grid via clipboard: 47688952
2026-05-28 00:58:40 | INFO | automotiv_bot | Iniciando robô Automotiv.
2026-05-28 00:58:40 | INFO | automotiv_bot | Planilha: C:\Users\User\Documents\robo-automotiv\SOLICITAÇÃO DE ORÇAMENTO (1).xlsx
2026-05-28 00:58:41 | INFO | automotiv_bot | Itens lidos da planilha: 6
2026-05-28 00:58:41 | INFO | automotiv_bot | Linha 8 | Código/Referência: 47688952 | Quantidade: 15
2026-05-28 00:58:41 | INFO | automotiv_bot | Linha 9 | Código/Referência: HD9843 | Quantidade: 10
2026-05-28 00:58:41 | INFO | automotiv_bot | Linha 10 | Código/Referência: AE1390EP | Quantidade: 26
2026-05-28 00:58:41 | INFO | automotiv_bot | Linha 11 | Código/Referência: AE1211 | Quantidade: 10
2026-05-28 00:58:41 | INFO | automotiv_bot | Linha 12 | Código/Referência: P753463 | Quantidade: 5
2026-05-28 00:58:41 | INFO | automotiv_bot | Linha 13 | Código/Referência: P637453 | Quantidade: 35
2026-05-28 00:58:41 | INFO | automotiv_bot | Abrindo atalho: C:\Users\User\Desktop\MenuGRV3 - Atalho (3).lnk
2026-05-28 00:58:52 | INFO | automotiv_bot | Sistema aberto/conectado.
2026-05-28 00:58:52 | INFO | automotiv_bot | Efetuando login.
2026-05-28 00:58:52 | INFO | automotiv_bot | Localizando campo de nome por imagem.
2026-05-28 00:58:55 | INFO | automotiv_bot | Senha preenchida com sucesso.
2026-05-28 00:58:55 | INFO | automotiv_bot | Clicando no botão LOGIN por imagem.
2026-05-28 00:58:56 | INFO | automotiv_bot | Clique no botão LOGIN realizado com sucesso por imagem.
2026-05-28 00:59:26 | INFO | automotiv_bot | Abrindo Cadastro > Materiais > Materiais/Itens.
2026-05-28 00:59:26 | INFO | automotiv_bot | Clicando menu 'Cadastro' por imagem 'menu_cadastro.png'.
2026-05-28 00:59:28 | INFO | automotiv_bot | Clicando menu 'Materiais' por imagem 'menu_materiais.png'.
2026-05-28 00:59:29 | INFO | automotiv_bot | Clicando menu 'Materiais/Itens' por imagem 'menu_materiais_itens.png'.
2026-05-28 00:59:36 | INFO | automotiv_bot | Processando material da linha 8 | código/referência=47688952 | quantidade=15
2026-05-28 00:59:36 | INFO | automotiv_bot | Pesquisando material '47688952' em status Ativo.
2026-05-28 00:59:36 | INFO | automotiv_bot | Abrindo pesquisa com F5.
2026-05-28 00:59:54 | INFO | automotiv_bot | Procurando código exato na grid via clipboard: 47688952
2026-05-28 01:18:24 | INFO | automotiv_bot | Iniciando robô Automotiv.
2026-05-28 01:18:24 | INFO | automotiv_bot | Planilha: C:\Users\User\Documents\robo-automotiv\SOLICITAÇÃO DE ORÇAMENTO (1).xlsx
2026-05-28 01:18:24 | INFO | automotiv_bot | Itens lidos da planilha: 6
2026-05-28 01:18:24 | INFO | automotiv_bot | Linha 8 | Código/Referência: 47688952 | Quantidade: 15
2026-05-28 01:18:24 | INFO | automotiv_bot | Linha 9 | Código/Referência: HD9843 | Quantidade: 10
2026-05-28 01:18:24 | INFO | automotiv_bot | Linha 10 | Código/Referência: AE1390EP | Quantidade: 26
2026-05-28 01:18:24 | INFO | automotiv_bot | Linha 11 | Código/Referência: AE1211 | Quantidade: 10
2026-05-28 01:18:24 | INFO | automotiv_bot | Linha 12 | Código/Referência: P753463 | Quantidade: 5
2026-05-28 01:18:24 | INFO | automotiv_bot | Linha 13 | Código/Referência: P637453 | Quantidade: 35
2026-05-28 01:18:24 | INFO | automotiv_bot | Abrindo atalho: C:\Users\User\Desktop\MenuGRV3 - Atalho (3).lnk
2026-05-28 01:18:36 | INFO | automotiv_bot | Sistema aberto/conectado.
2026-05-28 01:18:36 | INFO | automotiv_bot | Efetuando login.
2026-05-28 01:18:36 | INFO | automotiv_bot | Localizando campo de nome por imagem.
2026-05-28 01:18:38 | INFO | automotiv_bot | Senha preenchida com sucesso.
2026-05-28 01:18:38 | INFO | automotiv_bot | Clicando no botão LOGIN por imagem.
2026-05-28 01:18:39 | INFO | automotiv_bot | Clique no botão LOGIN realizado com sucesso por imagem.
2026-05-28 01:19:09 | INFO | automotiv_bot | Abrindo Cadastro > Materiais > Materiais/Itens.
2026-05-28 01:19:09 | INFO | automotiv_bot | Clicando menu 'Cadastro' por imagem 'menu_cadastro.png'.
2026-05-28 01:19:10 | INFO | automotiv_bot | Clicando menu 'Materiais' por imagem 'menu_materiais.png'.
2026-05-28 01:19:12 | INFO | automotiv_bot | Clicando menu 'Materiais/Itens' por imagem 'menu_materiais_itens.png'.
2026-05-28 01:19:19 | INFO | automotiv_bot | Processando material da linha 8 | código/referência=47688952 | quantidade=15
2026-05-28 01:19:19 | INFO | automotiv_bot | Pesquisando material '47688952' em status Ativo.
2026-05-28 01:19:19 | INFO | automotiv_bot | Abrindo pesquisa com F5.
2026-05-28 01:19:31 | INFO | automotiv_bot | Clicando no botão de exportar Excel.
2026-05-28 01:19:33 | INFO | automotiv_bot | Aguardando download do Excel exportado.
2026-05-28 01:19:33 | INFO | automotiv_bot | Excel exportado encontrado: C:\Users\User\Downloads\TABELA CNH.xlsx
2026-05-28 01:32:07 | INFO | automotiv_bot | Iniciando robô Automotiv.
2026-05-28 01:32:07 | INFO | automotiv_bot | Planilha: C:\Users\User\Documents\robo-automotiv\SOLICITAÇÃO DE ORÇAMENTO (1).xlsx
2026-05-28 01:32:07 | INFO | automotiv_bot | Itens lidos da planilha: 6
2026-05-28 01:32:07 | INFO | automotiv_bot | Linha 8 | Código/Referência: 47688952 | Quantidade: 15
2026-05-28 01:32:07 | INFO | automotiv_bot | Linha 9 | Código/Referência: HD9843 | Quantidade: 10
2026-05-28 01:32:07 | INFO | automotiv_bot | Linha 10 | Código/Referência: AE1390EP | Quantidade: 26
2026-05-28 01:32:07 | INFO | automotiv_bot | Linha 11 | Código/Referência: AE1211 | Quantidade: 10
2026-05-28 01:32:07 | INFO | automotiv_bot | Linha 12 | Código/Referência: P753463 | Quantidade: 5
2026-05-28 01:32:07 | INFO | automotiv_bot | Linha 13 | Código/Referência: P637453 | Quantidade: 35
2026-05-28 01:32:07 | INFO | automotiv_bot | Abrindo atalho: C:\Users\User\Desktop\MenuGRV3 - Atalho (3).lnk
2026-05-28 01:32:18 | INFO | automotiv_bot | Sistema aberto/conectado.
2026-05-28 01:32:18 | INFO | automotiv_bot | Efetuando login.
2026-05-28 01:32:18 | INFO | automotiv_bot | Localizando campo de nome/login por imagem.
2026-05-28 01:33:36 | INFO | automotiv_bot | Iniciando robô Automotiv.
2026-05-28 01:33:36 | INFO | automotiv_bot | Planilha: C:\Users\User\Documents\robo-automotiv\SOLICITAÇÃO DE ORÇAMENTO (1).xlsx
2026-05-28 01:33:37 | INFO | automotiv_bot | Itens lidos da planilha: 6
2026-05-28 01:33:37 | INFO | automotiv_bot | Linha 8 | Código/Referência: 47688952 | Quantidade: 15
2026-05-28 01:33:37 | INFO | automotiv_bot | Linha 9 | Código/Referência: HD9843 | Quantidade: 10
2026-05-28 01:33:37 | INFO | automotiv_bot | Linha 10 | Código/Referência: AE1390EP | Quantidade: 26
2026-05-28 01:33:37 | INFO | automotiv_bot | Linha 11 | Código/Referência: AE1211 | Quantidade: 10
2026-05-28 01:33:37 | INFO | automotiv_bot | Linha 12 | Código/Referência: P753463 | Quantidade: 5
2026-05-28 01:33:37 | INFO | automotiv_bot | Linha 13 | Código/Referência: P637453 | Quantidade: 35
2026-05-28 01:33:37 | INFO | automotiv_bot | Abrindo atalho: C:\Users\User\Desktop\MenuGRV3 - Atalho (3).lnk
2026-05-28 01:33:47 | INFO | automotiv_bot | Sistema aberto/conectado.
2026-05-28 01:33:47 | INFO | automotiv_bot | Efetuando login.
2026-05-28 01:33:47 | INFO | automotiv_bot | Localizando campo de nome/login por imagem.
2026-05-28 01:33:50 | INFO | automotiv_bot | Senha preenchida com sucesso.
2026-05-28 01:33:50 | INFO | automotiv_bot | Clicando no botão LOGIN por imagem.
2026-05-28 01:33:51 | INFO | automotiv_bot | Clique no botão LOGIN realizado com sucesso por imagem.
2026-05-28 01:34:06 | INFO | automotiv_bot | Abrindo Cadastro > Materiais > Materiais/Itens.
2026-05-28 01:34:06 | INFO | automotiv_bot | Clicando menu 'Cadastro' por imagem 'menu_cadastro.png'.
2026-05-28 01:34:08 | INFO | automotiv_bot | Clicando menu 'Materiais' por imagem 'menu_materiais.png'.
2026-05-28 01:34:09 | INFO | automotiv_bot | Clicando menu 'Materiais/Itens' por imagem 'menu_materiais_itens.png'.
2026-05-28 01:34:16 | INFO | automotiv_bot | Processando material da linha 8 | código/referência=47688952 | quantidade=15
2026-05-28 01:34:16 | INFO | automotiv_bot | Pesquisando material '47688952' em status Ativo.
2026-05-28 01:34:16 | INFO | automotiv_bot | Abrindo pesquisa com F5.
2026-05-28 01:34:19 | INFO | automotiv_bot | Alterando filtro de material para Inativo.
2026-05-28 01:34:20 | INFO | automotiv_bot | Digitando texto da pesquisa: 47688952
2026-05-28 01:36:27 | INFO | automotiv_bot | Iniciando robô Automotiv.
2026-05-28 01:36:27 | INFO | automotiv_bot | Planilha: C:\Users\User\Documents\robo-automotiv\SOLICITAÇÃO DE ORÇAMENTO (1).xlsx
2026-05-28 01:36:27 | INFO | automotiv_bot | Itens lidos da planilha: 6
2026-05-28 01:36:27 | INFO | automotiv_bot | Linha 8 | Código/Referência: 47688952 | Quantidade: 15
2026-05-28 01:36:27 | INFO | automotiv_bot | Linha 9 | Código/Referência: HD9843 | Quantidade: 10
2026-05-28 01:36:27 | INFO | automotiv_bot | Linha 10 | Código/Referência: AE1390EP | Quantidade: 26
2026-05-28 01:36:27 | INFO | automotiv_bot | Linha 11 | Código/Referência: AE1211 | Quantidade: 10
2026-05-28 01:36:27 | INFO | automotiv_bot | Linha 12 | Código/Referência: P753463 | Quantidade: 5
2026-05-28 01:36:27 | INFO | automotiv_bot | Linha 13 | Código/Referência: P637453 | Quantidade: 35
2026-05-28 01:36:27 | INFO | automotiv_bot | Abrindo atalho: C:\Users\User\Desktop\MenuGRV3 - Atalho (3).lnk
2026-05-28 01:36:38 | INFO | automotiv_bot | Sistema aberto/conectado.
2026-05-28 01:36:38 | INFO | automotiv_bot | Efetuando login.
2026-05-28 01:36:38 | INFO | automotiv_bot | Localizando campo de nome/login por imagem.
2026-05-28 01:36:41 | INFO | automotiv_bot | Senha preenchida com sucesso.
2026-05-28 01:36:41 | INFO | automotiv_bot | Clicando no botão LOGIN por imagem.
2026-05-28 01:36:42 | INFO | automotiv_bot | Clique no botão LOGIN realizado com sucesso por imagem.
2026-05-28 01:36:57 | INFO | automotiv_bot | Abrindo Cadastro > Materiais > Materiais/Itens.
2026-05-28 01:36:57 | INFO | automotiv_bot | Clicando menu 'Cadastro' por imagem 'menu_cadastro.png'.
2026-05-28 01:36:58 | INFO | automotiv_bot | Clicando menu 'Materiais' por imagem 'menu_materiais.png'.
2026-05-28 01:37:00 | INFO | automotiv_bot | Clicando menu 'Materiais/Itens' por imagem 'menu_materiais_itens.png'.
2026-05-28 01:37:07 | INFO | automotiv_bot | Processando material da linha 8 | código/referência=47688952 | quantidade=15
2026-05-28 01:37:07 | INFO | automotiv_bot | Pesquisando material '47688952' em status Ativo.
2026-05-28 01:37:07 | INFO | automotiv_bot | Abrindo pesquisa com F5.
2026-05-28 01:37:11 | INFO | automotiv_bot | Digitando texto da pesquisa: 47688952
2026-05-28 01:37:15 | INFO | automotiv_bot | Exportando resultado da grid para Excel.
2026-05-28 01:37:15 | INFO | automotiv_bot | Clicando no botão de exportar Excel.
2026-05-28 01:37:17 | INFO | automotiv_bot | Salvando Excel exportado em: C:\Users\User\Downloads\automotiv_material_47688952_20260528_013717.xlsx
2026-05-28 01:43:17 | INFO | automotiv_bot | Iniciando robô Automotiv.
2026-05-28 01:43:17 | INFO | automotiv_bot | Planilha: C:\Users\User\Documents\robo-automotiv\SOLICITAÇÃO DE ORÇAMENTO (1).xlsx
2026-05-28 01:43:17 | INFO | automotiv_bot | Itens lidos da planilha: 6
2026-05-28 01:43:17 | INFO | automotiv_bot | Linha 8 | Código/Referência: 47688952 | Quantidade: 15
2026-05-28 01:43:17 | INFO | automotiv_bot | Linha 9 | Código/Referência: HD9843 | Quantidade: 10
2026-05-28 01:43:17 | INFO | automotiv_bot | Linha 10 | Código/Referência: AE1390EP | Quantidade: 26
2026-05-28 01:43:17 | INFO | automotiv_bot | Linha 11 | Código/Referência: AE1211 | Quantidade: 10
2026-05-28 01:43:17 | INFO | automotiv_bot | Linha 12 | Código/Referência: P753463 | Quantidade: 5
2026-05-28 01:43:17 | INFO | automotiv_bot | Linha 13 | Código/Referência: P637453 | Quantidade: 35
2026-05-28 01:43:17 | INFO | automotiv_bot | Abrindo atalho: C:\Users\User\Desktop\MenuGRV3 - Atalho (3).lnk
2026-05-28 01:43:28 | INFO | automotiv_bot | Sistema aberto/conectado.
2026-05-28 01:43:28 | INFO | automotiv_bot | Efetuando login.
2026-05-28 01:43:28 | INFO | automotiv_bot | Localizando campo de nome/login por imagem.
2026-05-28 01:43:31 | INFO | automotiv_bot | Senha preenchida com sucesso.
2026-05-28 01:43:31 | INFO | automotiv_bot | Clicando no botão LOGIN por imagem.
2026-05-28 01:43:32 | INFO | automotiv_bot | Clique no botão LOGIN realizado com sucesso por imagem.
2026-05-28 01:43:47 | INFO | automotiv_bot | Abrindo Cadastro > Materiais > Materiais/Itens.
2026-05-28 01:43:47 | INFO | automotiv_bot | Clicando menu 'Cadastro' por imagem 'menu_cadastro.png'.
2026-05-28 01:43:48 | INFO | automotiv_bot | Clicando menu 'Materiais' por imagem 'menu_materiais.png'.
2026-05-28 01:43:50 | INFO | automotiv_bot | Clicando menu 'Materiais/Itens' por imagem 'menu_materiais_itens.png'.
2026-05-28 01:43:56 | INFO | automotiv_bot | Processando material da linha 8 | código/referência=47688952 | quantidade=15
2026-05-28 01:43:56 | INFO | automotiv_bot | Pesquisando material '47688952' em status Ativo.
2026-05-28 01:43:56 | INFO | automotiv_bot | Abrindo pesquisa com F5.
2026-05-28 01:44:01 | INFO | automotiv_bot | Digitando texto da pesquisa: 47688952
2026-05-28 01:44:05 | INFO | automotiv_bot | Exportando resultado da grid para Excel.
2026-05-28 01:44:05 | INFO | automotiv_bot | Clicando no botão de exportar Excel.
2026-05-28 01:44:07 | INFO | automotiv_bot | Salvando Excel exportado em: C:\Users\User\Downloads\automotiv_material_47688952_20260528_014407.xlsx
2026-05-28 01:51:16 | INFO | automotiv_bot | Iniciando robô Automotiv.
2026-05-28 01:51:16 | INFO | automotiv_bot | Planilha: C:\Users\User\Documents\robo-automotiv\SOLICITAÇÃO DE ORÇAMENTO (1).xlsx
2026-05-28 01:51:16 | INFO | automotiv_bot | Itens lidos da planilha: 6
2026-05-28 01:51:16 | INFO | automotiv_bot | Linha 8 | Código/Referência: 47688952 | Quantidade: 15
2026-05-28 01:51:16 | INFO | automotiv_bot | Linha 9 | Código/Referência: HD9843 | Quantidade: 10
2026-05-28 01:51:16 | INFO | automotiv_bot | Linha 10 | Código/Referência: AE1390EP | Quantidade: 26
2026-05-28 01:51:16 | INFO | automotiv_bot | Linha 11 | Código/Referência: AE1211 | Quantidade: 10
2026-05-28 01:51:16 | INFO | automotiv_bot | Linha 12 | Código/Referência: P753463 | Quantidade: 5
2026-05-28 01:51:16 | INFO | automotiv_bot | Linha 13 | Código/Referência: P637453 | Quantidade: 35
2026-05-28 01:51:16 | INFO | automotiv_bot | Abrindo atalho: C:\Users\User\Desktop\MenuGRV3 - Atalho (3).lnk
2026-05-28 01:51:27 | INFO | automotiv_bot | Sistema aberto/conectado.
2026-05-28 01:51:27 | INFO | automotiv_bot | Efetuando login.
2026-05-28 01:51:27 | INFO | automotiv_bot | Localizando campo de nome/login por imagem.
2026-05-28 01:51:29 | INFO | automotiv_bot | Senha preenchida com sucesso.
2026-05-28 01:51:29 | INFO | automotiv_bot | Clicando no botão LOGIN por imagem.
2026-05-28 01:51:30 | INFO | automotiv_bot | Clique no botão LOGIN realizado com sucesso por imagem.
2026-05-28 01:51:45 | INFO | automotiv_bot | Abrindo Cadastro > Materiais > Materiais/Itens.
2026-05-28 01:51:45 | INFO | automotiv_bot | Clicando menu 'Cadastro' por imagem 'menu_cadastro.png'.
2026-05-28 01:51:47 | INFO | automotiv_bot | Clicando menu 'Materiais' por imagem 'menu_materiais.png'.
2026-05-28 01:51:48 | INFO | automotiv_bot | Clicando menu 'Materiais/Itens' por imagem 'menu_materiais_itens.png'.
2026-05-28 01:51:55 | INFO | automotiv_bot | Processando material da linha 8 | código/referência=47688952 | quantidade=15
2026-05-28 01:51:55 | INFO | automotiv_bot | Pesquisando material '47688952' em status Ativo.
2026-05-28 01:51:55 | INFO | automotiv_bot | Abrindo pesquisa com F5.
2026-05-28 01:51:59 | INFO | automotiv_bot | Digitando texto da pesquisa: 47688952
2026-05-28 01:52:03 | INFO | automotiv_bot | Exportando resultado da grid para Excel.
2026-05-28 01:52:03 | INFO | automotiv_bot | Clicando no botão de exportar Excel.
2026-05-28 01:52:05 | INFO | automotiv_bot | Salvando Excel exportado em: C:\Users\User\Downloads\automotiv_material_47688952_20260528_015205.xlsx
2026-05-28 01:54:16 | INFO | automotiv_bot | Iniciando robô Automotiv.
2026-05-28 01:54:16 | INFO | automotiv_bot | Planilha: C:\Users\User\Documents\robo-automotiv\SOLICITAÇÃO DE ORÇAMENTO (1).xlsx
2026-05-28 01:54:16 | INFO | automotiv_bot | Itens lidos da planilha: 6
2026-05-28 01:54:16 | INFO | automotiv_bot | Linha 8 | Código/Referência: 47688952 | Quantidade: 15
2026-05-28 01:54:16 | INFO | automotiv_bot | Linha 9 | Código/Referência: HD9843 | Quantidade: 10
2026-05-28 01:54:16 | INFO | automotiv_bot | Linha 10 | Código/Referência: AE1390EP | Quantidade: 26
2026-05-28 01:54:16 | INFO | automotiv_bot | Linha 11 | Código/Referência: AE1211 | Quantidade: 10
2026-05-28 01:54:16 | INFO | automotiv_bot | Linha 12 | Código/Referência: P753463 | Quantidade: 5
2026-05-28 01:54:16 | INFO | automotiv_bot | Linha 13 | Código/Referência: P637453 | Quantidade: 35
2026-05-28 01:54:16 | INFO | automotiv_bot | Abrindo atalho: C:\Users\User\Desktop\MenuGRV3 - Atalho (3).lnk
2026-05-28 01:54:27 | INFO | automotiv_bot | Sistema aberto/conectado.
2026-05-28 01:54:27 | INFO | automotiv_bot | Efetuando login.
2026-05-28 01:54:27 | INFO | automotiv_bot | Localizando campo de nome/login por imagem.
2026-05-28 01:54:30 | INFO | automotiv_bot | Senha preenchida com sucesso.
2026-05-28 01:54:30 | INFO | automotiv_bot | Clicando no botão LOGIN por imagem.
2026-05-28 01:54:31 | INFO | automotiv_bot | Clique no botão LOGIN realizado com sucesso por imagem.
2026-05-28 01:54:46 | INFO | automotiv_bot | Abrindo Cadastro > Materiais > Materiais/Itens.
2026-05-28 01:54:46 | INFO | automotiv_bot | Clicando menu 'Cadastro' por imagem 'menu_cadastro.png'.
2026-05-28 01:54:47 | INFO | automotiv_bot | Clicando menu 'Materiais' por imagem 'menu_materiais.png'.
2026-05-28 01:54:49 | INFO | automotiv_bot | Clicando menu 'Materiais/Itens' por imagem 'menu_materiais_itens.png'.
2026-05-28 01:54:55 | INFO | automotiv_bot | Processando material da linha 8 | código/referência=47688952 | quantidade=15
2026-05-28 01:54:55 | INFO | automotiv_bot | Pesquisando material '47688952' em status Ativo.
2026-05-28 01:54:55 | INFO | automotiv_bot | Abrindo pesquisa com F5.
2026-05-28 01:55:00 | INFO | automotiv_bot | Digitando texto da pesquisa: 47688952
2026-05-28 01:55:04 | INFO | automotiv_bot | Exportando resultado da grid para Excel.
2026-05-28 01:55:04 | INFO | automotiv_bot | Clicando no botão de exportar Excel.
2026-05-28 01:55:06 | INFO | automotiv_bot | Salvando Excel exportado em: C:\Users\User\Downloads\automotiv_material_47688952_20260528_015506.xlsx
2026-05-28 21:17:45 | INFO | automotiv_bot | Iniciando robô Automotiv.
2026-05-28 21:17:45 | INFO | automotiv_bot | Planilha: C:\Users\User\Documents\robo-automotiv\SOLICITAÇÃO DE ORÇAMENTO (1).xlsx
2026-05-28 21:17:45 | INFO | automotiv_bot | Itens lidos da planilha: 6
2026-05-28 21:17:45 | INFO | automotiv_bot | Linha 8 | Código/Referência: 47688952 | Quantidade: 15
2026-05-28 21:17:45 | INFO | automotiv_bot | Linha 9 | Código/Referência: HD9843 | Quantidade: 10
2026-05-28 21:17:45 | INFO | automotiv_bot | Linha 10 | Código/Referência: AE1390EP | Quantidade: 26
2026-05-28 21:17:45 | INFO | automotiv_bot | Linha 11 | Código/Referência: AE1211 | Quantidade: 10
2026-05-28 21:17:45 | INFO | automotiv_bot | Linha 12 | Código/Referência: P753463 | Quantidade: 5
2026-05-28 21:17:45 | INFO | automotiv_bot | Linha 13 | Código/Referência: P637453 | Quantidade: 35
2026-05-28 21:17:45 | INFO | automotiv_bot | Abrindo atalho: C:\Users\User\Desktop\MenuGRV3 - Atalho (3).lnk
2026-05-28 21:17:57 | INFO | automotiv_bot | Sistema aberto/conectado.
2026-05-28 21:17:57 | INFO | automotiv_bot | Efetuando login.
2026-05-28 21:17:57 | INFO | automotiv_bot | Localizando campo de nome/login por imagem.
2026-05-28 21:17:59 | INFO | automotiv_bot | Senha preenchida com sucesso.
2026-05-28 21:17:59 | INFO | automotiv_bot | Clicando no botão LOGIN por imagem.
2026-05-28 21:18:00 | INFO | automotiv_bot | Clique no botão LOGIN realizado com sucesso por imagem.
2026-05-28 21:18:15 | INFO | automotiv_bot | Abrindo Cadastro > Materiais > Materiais/Itens.
2026-05-28 21:18:15 | INFO | automotiv_bot | Clicando menu 'Cadastro' por imagem 'menu_cadastro.png'.
2026-05-28 21:18:16 | INFO | automotiv_bot | Clicando menu 'Materiais' por imagem 'menu_materiais.png'.
2026-05-28 21:18:18 | INFO | automotiv_bot | Clicando menu 'Materiais/Itens' por imagem 'menu_materiais_itens.png'.
2026-05-28 21:18:24 | INFO | automotiv_bot | Processando material da linha 8 | código/referência=47688952 | quantidade=15
2026-05-28 21:18:24 | INFO | automotiv_bot | Pesquisando material '47688952' em status Ativo.
2026-05-28 21:18:24 | INFO | automotiv_bot | Abrindo pesquisa com F5.
2026-05-28 21:18:29 | INFO | automotiv_bot | Digitando texto da pesquisa: 47688952
2026-05-28 21:18:33 | INFO | automotiv_bot | Exportando resultado da grid para Excel.
2026-05-28 21:18:33 | INFO | automotiv_bot | Clicando no botão de exportar Excel.
2026-05-28 21:18:35 | INFO | automotiv_bot | Salvando Excel exportado em: C:\Users\User\Downloads\automotiv_material_47688952_20260528_211835.xlsx
2026-05-28 21:23:35 | INFO | automotiv_bot | Validando se apareceu mensagem para confirmar e substituir arquivo ja existente
2026-05-28 21:25:17 | INFO | automotiv_bot | Iniciando robô Automotiv.
2026-05-28 21:25:17 | INFO | automotiv_bot | Planilha: C:\Users\User\Documents\robo-automotiv\SOLICITAÇÃO DE ORÇAMENTO (1).xlsx
2026-05-28 21:25:18 | INFO | automotiv_bot | Itens lidos da planilha: 6
2026-05-28 21:25:18 | INFO | automotiv_bot | Linha 8 | Código/Referência: 47688952 | Quantidade: 15
2026-05-28 21:25:18 | INFO | automotiv_bot | Linha 9 | Código/Referência: HD9843 | Quantidade: 10
2026-05-28 21:25:18 | INFO | automotiv_bot | Linha 10 | Código/Referência: AE1390EP | Quantidade: 26
2026-05-28 21:25:18 | INFO | automotiv_bot | Linha 11 | Código/Referência: AE1211 | Quantidade: 10
2026-05-28 21:25:18 | INFO | automotiv_bot | Linha 12 | Código/Referência: P753463 | Quantidade: 5
2026-05-28 21:25:18 | INFO | automotiv_bot | Linha 13 | Código/Referência: P637453 | Quantidade: 35
2026-05-28 21:25:18 | INFO | automotiv_bot | Abrindo atalho: C:\Users\User\Desktop\MenuGRV3 - Atalho (3).lnk
2026-05-28 21:25:28 | INFO | automotiv_bot | Sistema aberto/conectado.
2026-05-28 21:25:28 | INFO | automotiv_bot | Efetuando login.
2026-05-28 21:25:28 | INFO | automotiv_bot | Localizando campo de nome/login por imagem.
2026-05-28 21:25:31 | INFO | automotiv_bot | Senha preenchida com sucesso.
2026-05-28 21:25:31 | INFO | automotiv_bot | Clicando no botão LOGIN por imagem.
2026-05-28 21:25:32 | INFO | automotiv_bot | Clique no botão LOGIN realizado com sucesso por imagem.
2026-05-28 21:25:47 | INFO | automotiv_bot | Abrindo Cadastro > Materiais > Materiais/Itens.
2026-05-28 21:25:47 | INFO | automotiv_bot | Clicando menu 'Cadastro' por imagem 'menu_cadastro.png'.
2026-05-28 21:25:49 | INFO | automotiv_bot | Clicando menu 'Materiais' por imagem 'menu_materiais.png'.
2026-05-28 21:25:50 | INFO | automotiv_bot | Clicando menu 'Materiais/Itens' por imagem 'menu_materiais_itens.png'.
2026-05-28 21:25:57 | INFO | automotiv_bot | Processando material da linha 8 | código/referência=47688952 | quantidade=15
2026-05-28 21:25:57 | INFO | automotiv_bot | Pesquisando material '47688952' em status Ativo.
2026-05-28 21:25:57 | INFO | automotiv_bot | Abrindo pesquisa com F5.
2026-05-28 21:26:01 | INFO | automotiv_bot | Digitando texto da pesquisa: 47688952
2026-05-28 21:26:05 | INFO | automotiv_bot | Exportando resultado da grid para Excel.
2026-05-28 21:26:05 | INFO | automotiv_bot | Clicando no botão de exportar Excel.
2026-05-28 21:26:07 | INFO | automotiv_bot | Salvando Excel exportado em: C:\Users\User\Downloads\automotiv_material_47688952_20260528_212607.xlsx
2026-05-28 21:28:55 | INFO | automotiv_bot | Validando se apareceu mensagem para confirmar e substituir arquivo ja existente
2026-05-28 21:29:06 | INFO | automotiv_bot | Não apareceu mensagem de substituicao. Seguindo...
2026-05-28 21:47:37 | INFO | automotiv_bot | Aguardando arquivo exportado ficar disponível: C:\Users\User\Downloads\automotiv_material_47688952_20260528_212607.xlsx
2026-05-28 22:19:40 | INFO | automotiv_bot | Iniciando robô Automotiv.
2026-05-28 22:19:40 | INFO | automotiv_bot | Planilha: C:\Users\User\Documents\robo-automotiv\SOLICITAÇÃO DE ORÇAMENTO (1).xlsx
2026-05-28 22:19:40 | INFO | automotiv_bot | Itens lidos da planilha: 6
2026-05-28 22:19:40 | INFO | automotiv_bot | Linha 8 | Código/Referência: 47688952 | Quantidade: 15
2026-05-28 22:19:40 | INFO | automotiv_bot | Linha 9 | Código/Referência: HD9843 | Quantidade: 10
2026-05-28 22:19:40 | INFO | automotiv_bot | Linha 10 | Código/Referência: AE1390EP | Quantidade: 26
2026-05-28 22:19:40 | INFO | automotiv_bot | Linha 11 | Código/Referência: AE1211 | Quantidade: 10
2026-05-28 22:19:40 | INFO | automotiv_bot | Linha 12 | Código/Referência: P753463 | Quantidade: 5
2026-05-28 22:19:40 | INFO | automotiv_bot | Linha 13 | Código/Referência: P637453 | Quantidade: 35
2026-05-28 22:19:40 | INFO | automotiv_bot | Abrindo atalho: C:\Users\User\Desktop\MenuGRV3 - Atalho (3).lnk
2026-05-28 22:19:52 | INFO | automotiv_bot | Sistema aberto/conectado.
2026-05-28 22:19:52 | INFO | automotiv_bot | Efetuando login.
2026-05-28 22:19:52 | INFO | automotiv_bot | Localizando campo de nome/login por imagem.
2026-05-28 22:19:54 | INFO | automotiv_bot | Senha preenchida com sucesso.
2026-05-28 22:19:54 | INFO | automotiv_bot | Clicando no botão LOGIN por imagem.
2026-05-28 22:19:55 | INFO | automotiv_bot | Clique no botão LOGIN realizado com sucesso por imagem.
2026-05-28 22:20:10 | INFO | automotiv_bot | Abrindo Cadastro > Materiais > Materiais/Itens.
2026-05-28 22:20:10 | INFO | automotiv_bot | Clicando menu 'Cadastro' por imagem 'menu_cadastro.png'.
2026-05-28 22:20:11 | INFO | automotiv_bot | Clicando menu 'Materiais' por imagem 'menu_materiais.png'.
2026-05-28 22:20:13 | INFO | automotiv_bot | Clicando menu 'Materiais/Itens' por imagem 'menu_materiais_itens.png'.
2026-05-28 22:20:19 | INFO | automotiv_bot | Processando material da linha 8 | código/referência=47688952 | quantidade=15
2026-05-28 22:20:19 | INFO | automotiv_bot | Pesquisando material '47688952' em status Ativo.
2026-05-28 22:20:19 | INFO | automotiv_bot | Abrindo pesquisa com F5.
2026-05-28 22:20:24 | INFO | automotiv_bot | Digitando texto da pesquisa: 47688952
2026-05-28 22:20:28 | INFO | automotiv_bot | Exportando resultado da grid para Excel.
2026-05-28 22:20:28 | INFO | automotiv_bot | Clicando no botão de exportar Excel inferior.
2026-05-28 22:26:08 | INFO | automotiv_bot | Iniciando robô Automotiv.
2026-05-28 22:26:08 | INFO | automotiv_bot | Planilha: C:\Users\User\Documents\robo-automotiv\SOLICITAÇÃO DE ORÇAMENTO (1).xlsx
2026-05-28 22:26:09 | INFO | automotiv_bot | Itens lidos da planilha: 6
2026-05-28 22:26:09 | INFO | automotiv_bot | Linha 8 | Código/Referência: 47688952 | Quantidade: 15
2026-05-28 22:26:09 | INFO | automotiv_bot | Linha 9 | Código/Referência: HD9843 | Quantidade: 10
2026-05-28 22:26:09 | INFO | automotiv_bot | Linha 10 | Código/Referência: AE1390EP | Quantidade: 26
2026-05-28 22:26:09 | INFO | automotiv_bot | Linha 11 | Código/Referência: AE1211 | Quantidade: 10
2026-05-28 22:26:09 | INFO | automotiv_bot | Linha 12 | Código/Referência: P753463 | Quantidade: 5
2026-05-28 22:26:09 | INFO | automotiv_bot | Linha 13 | Código/Referência: P637453 | Quantidade: 35
2026-05-28 22:26:09 | INFO | automotiv_bot | Abrindo atalho: C:\Users\User\Desktop\MenuGRV3 - Atalho (3).lnk
2026-05-28 22:26:19 | INFO | automotiv_bot | Sistema aberto/conectado.
2026-05-28 22:26:19 | INFO | automotiv_bot | Efetuando login.
2026-05-28 22:26:19 | INFO | automotiv_bot | Localizando campo de nome/login por imagem.
2026-05-28 22:26:22 | INFO | automotiv_bot | Senha preenchida com sucesso.
2026-05-28 22:26:22 | INFO | automotiv_bot | Clicando no botão LOGIN por imagem.
2026-05-28 22:26:23 | INFO | automotiv_bot | Clique no botão LOGIN realizado com sucesso por imagem.
2026-05-28 22:26:38 | INFO | automotiv_bot | Abrindo Cadastro > Materiais > Materiais/Itens.
2026-05-28 22:26:38 | INFO | automotiv_bot | Clicando menu 'Cadastro' por imagem 'menu_cadastro.png'.
2026-05-28 22:26:40 | INFO | automotiv_bot | Clicando menu 'Materiais' por imagem 'menu_materiais.png'.
2026-05-28 22:26:41 | INFO | automotiv_bot | Clicando menu 'Materiais/Itens' por imagem 'menu_materiais_itens.png'.
2026-05-28 22:26:48 | INFO | automotiv_bot | Processando material da linha 8 | código/referência=47688952 | quantidade=15
2026-05-28 22:26:48 | INFO | automotiv_bot | Pesquisando material '47688952' em status Ativo.
2026-05-28 22:26:48 | INFO | automotiv_bot | Abrindo pesquisa com F5.
2026-05-28 22:26:52 | INFO | automotiv_bot | Digitando texto da pesquisa: 47688952
2026-05-28 22:26:56 | INFO | automotiv_bot | Exportando resultado da grid para Excel.
2026-05-28 22:26:56 | INFO | automotiv_bot | Clicando no botão de exportar Excel inferior.
2026-05-28 22:26:58 | INFO | automotiv_bot | Salvando Excel exportado em: C:\Users\User\Downloads\automotiv_material_47688952_20260528_222658.xlsx
2026-05-28 22:28:03 | INFO | automotiv_bot | Validando se apareceu mensagem para confirmar e substituir arquivo ja existente
2026-05-28 22:28:14 | INFO | automotiv_bot | Não apareceu mensagem de substituicao. Seguindo...
2026-05-28 22:32:31 | INFO | automotiv_bot | Iniciando robô Automotiv.
2026-05-28 22:32:31 | INFO | automotiv_bot | Planilha: C:\Users\User\Documents\robo-automotiv\SOLICITAÇÃO DE ORÇAMENTO (1).xlsx
2026-05-28 22:32:31 | INFO | automotiv_bot | Itens lidos da planilha: 6
2026-05-28 22:32:31 | INFO | automotiv_bot | Linha 8 | Código/Referência: 47688952 | Quantidade: 15
2026-05-28 22:32:31 | INFO | automotiv_bot | Linha 9 | Código/Referência: HD9843 | Quantidade: 10
2026-05-28 22:32:31 | INFO | automotiv_bot | Linha 10 | Código/Referência: AE1390EP | Quantidade: 26
2026-05-28 22:32:31 | INFO | automotiv_bot | Linha 11 | Código/Referência: AE1211 | Quantidade: 10
2026-05-28 22:32:31 | INFO | automotiv_bot | Linha 12 | Código/Referência: P753463 | Quantidade: 5
2026-05-28 22:32:31 | INFO | automotiv_bot | Linha 13 | Código/Referência: P637453 | Quantidade: 35
2026-05-28 22:32:31 | INFO | automotiv_bot | Abrindo atalho: C:\Users\User\Desktop\MenuGRV3 - Atalho (3).lnk
2026-05-28 22:32:42 | INFO | automotiv_bot | Sistema aberto/conectado.
2026-05-28 22:32:42 | INFO | automotiv_bot | Efetuando login.
2026-05-28 22:32:42 | INFO | automotiv_bot | Localizando campo de nome/login por imagem.
2026-05-28 22:32:45 | INFO | automotiv_bot | Senha preenchida com sucesso.
2026-05-28 22:32:45 | INFO | automotiv_bot | Clicando no botão LOGIN por imagem.
2026-05-28 22:32:46 | INFO | automotiv_bot | Clique no botão LOGIN realizado com sucesso por imagem.
2026-05-28 22:33:01 | INFO | automotiv_bot | Abrindo Cadastro > Materiais > Materiais/Itens.
2026-05-28 22:33:01 | INFO | automotiv_bot | Clicando menu 'Cadastro' por imagem 'menu_cadastro.png'.
2026-05-28 22:33:02 | INFO | automotiv_bot | Clicando menu 'Materiais' por imagem 'menu_materiais.png'.
2026-05-28 22:33:04 | INFO | automotiv_bot | Clicando menu 'Materiais/Itens' por imagem 'menu_materiais_itens.png'.
2026-05-28 22:33:10 | INFO | automotiv_bot | Processando material da linha 8 | código/referência=47688952 | quantidade=15
2026-05-28 22:33:10 | INFO | automotiv_bot | Pesquisando material '47688952' em status Ativo.
2026-05-28 22:33:10 | INFO | automotiv_bot | Abrindo pesquisa com F5.
2026-05-28 22:33:15 | INFO | automotiv_bot | Digitando texto da pesquisa: 47688952
2026-05-28 22:33:19 | INFO | automotiv_bot | Exportando resultado da grid para Excel.
2026-05-28 22:33:19 | INFO | automotiv_bot | Clicando no botão de exportar Excel inferior.
2026-05-28 22:33:21 | INFO | automotiv_bot | Salvando Excel exportado em: C:\Users\User\Downloads\automotiv_material_47688952_20260528_223321.xlsx
2026-05-28 22:33:22 | INFO | automotiv_bot | Validando se apareceu mensagem para confirmar e substituir arquivo ja existente
2026-05-28 22:33:32 | INFO | automotiv_bot | Não apareceu mensagem de substituicao. Seguindo...
2026-05-28 22:39:16 | INFO | automotiv_bot | Iniciando robô Automotiv.
2026-05-28 22:39:16 | INFO | automotiv_bot | Planilha: C:\Users\User\Documents\robo-automotiv\SOLICITAÇÃO DE ORÇAMENTO (1).xlsx
2026-05-28 22:39:16 | INFO | automotiv_bot | Itens lidos da planilha: 6
2026-05-28 22:39:16 | INFO | automotiv_bot | Linha 8 | Código/Referência: 47688952 | Quantidade: 15
2026-05-28 22:39:16 | INFO | automotiv_bot | Linha 9 | Código/Referência: HD9843 | Quantidade: 10
2026-05-28 22:39:16 | INFO | automotiv_bot | Linha 10 | Código/Referência: AE1390EP | Quantidade: 26
2026-05-28 22:39:16 | INFO | automotiv_bot | Linha 11 | Código/Referência: AE1211 | Quantidade: 10
2026-05-28 22:39:16 | INFO | automotiv_bot | Linha 12 | Código/Referência: P753463 | Quantidade: 5
2026-05-28 22:39:16 | INFO | automotiv_bot | Linha 13 | Código/Referência: P637453 | Quantidade: 35
2026-05-28 22:39:16 | INFO | automotiv_bot | Abrindo atalho: C:\Users\User\Desktop\MenuGRV3 - Atalho (3).lnk
2026-05-28 22:39:27 | INFO | automotiv_bot | Sistema aberto/conectado.
2026-05-28 22:39:27 | INFO | automotiv_bot | Efetuando login.
2026-05-28 22:39:27 | INFO | automotiv_bot | Localizando campo de nome/login por imagem.
2026-05-28 22:39:30 | INFO | automotiv_bot | Senha preenchida com sucesso.
2026-05-28 22:39:30 | INFO | automotiv_bot | Clicando no botão LOGIN por imagem.
2026-05-28 22:39:31 | INFO | automotiv_bot | Clique no botão LOGIN realizado com sucesso por imagem.
2026-05-28 22:39:46 | INFO | automotiv_bot | Abrindo Cadastro > Materiais > Materiais/Itens.
2026-05-28 22:39:46 | INFO | automotiv_bot | Clicando menu 'Cadastro' por imagem 'menu_cadastro.png'.
2026-05-28 22:39:47 | INFO | automotiv_bot | Clicando menu 'Materiais' por imagem 'menu_materiais.png'.
2026-05-28 22:39:49 | INFO | automotiv_bot | Clicando menu 'Materiais/Itens' por imagem 'menu_materiais_itens.png'.
2026-05-28 22:39:55 | INFO | automotiv_bot | Processando material da linha 8 | código/referência=47688952 | quantidade=15
2026-05-28 22:39:55 | INFO | automotiv_bot | Pesquisando material '47688952' em status Ativo.
2026-05-28 22:39:55 | INFO | automotiv_bot | Abrindo pesquisa com F5.
2026-05-28 22:40:00 | INFO | automotiv_bot | Digitando texto da pesquisa: 47688952
2026-05-28 22:40:04 | INFO | automotiv_bot | Exportando resultado da grid para Excel.
2026-05-28 22:40:04 | INFO | automotiv_bot | Clicando no botão de exportar Excel inferior.
2026-05-28 22:40:06 | INFO | automotiv_bot | Salvando Excel exportado em: C:\Users\User\Downloads\automotiv_material_47688952_20260528_224006.xlsx
2026-05-28 22:40:07 | INFO | automotiv_bot | Validando se apareceu mensagem para confirmar e substituir arquivo ja existente
2026-05-28 22:40:18 | INFO | automotiv_bot | Não apareceu mensagem de substituicao. Seguindo...
2026-05-28 22:40:19 | INFO | automotiv_bot | Arquivo exportado salvo em: C:\Users\User\Downloads\automotiv_material_47688952_20260528_224006.xlsx
2026-05-28 22:43:15 | INFO | automotiv_bot | Material encontrado no Excel exportado: {'row': 2, 'codigo_interno': '47688952', 'item': 'FILTRO DO AR CABINE - APP6055', 'familia': '04 - PRODUTO ACABADO', 'grupo': 'TVH BRASIL'}
2026-05-28 22:43:40 | INFO | automotiv_bot | Arquivo temporário removido: C:\Users\User\Downloads\automotiv_material_47688952_20260528_224006.xlsx
